Model,Dataset,Dataset_Type,Fold,AUC,Best_C,Best_n_features,Best_tau,Best_B
RFESVM,wdbc,outlier,1,0.9321646341463415,0.25,15.0,,
RFESVM,wdbc,outlier,2,0.9166666666666667,0.25,15.0,,
RFESVM,wdbc,outlier,3,0.9268292682926829,0.25,15.0,,
RFESVM,wdbc,outlier,4,0.9534883720930233,0.25,15.0,,
RFESVM,wdbc,outlier,5,0.9321646341463415,0.25,15.0,,
RFESVM,wdbc,outlier,6,0.8829365079365079,0.25,15.0,,
RFESVM,wdbc,outlier,7,0.9095238095238095,0.25,15.0,,
RFESVM,wdbc,outlier,8,0.984375,0.25,15.0,,
RFESVM,wdbc,outlier,9,0.8545454545454546,0.25,15.0,,
RFESVM,wdbc,outlier,10,0.9736842105263158,0.25,15.0,,
RFESVM,wdbc,original,1,0.9580882352941176,2.0,15.0,,
RFESVM,wdbc,original,2,0.9838709677419355,2.0,15.0,,
RFESVM,wdbc,original,3,0.9864864864864865,2.0,15.0,,
RFESVM,wdbc,original,4,0.9874999999999999,2.0,15.0,,
RFESVM,wdbc,original,5,0.9722222222222222,2.0,15.0,,
RFESVM,wdbc,original,6,0.944375,2.0,15.0,,
RFESVM,wdbc,original,7,1.0,2.0,15.0,,
RFESVM,wdbc,original,8,1.0,2.0,15.0,,
RFESVM,wdbc,original,9,0.962962962962963,2.0,15.0,,
RFESVM,wdbc,original,10,0.9338549075391182,2.0,15.0,,
RFESVM,wdbc,noise,1,0.9038461538461539,16.0,15.0,,
RFESVM,wdbc,noise,2,0.9454094292803971,16.0,15.0,,
RFESVM,wdbc,noise,3,0.851948051948052,16.0,15.0,,
RFESVM,wdbc,noise,4,0.8931623931623932,16.0,15.0,,
RFESVM,wdbc,noise,5,0.8911764705882352,16.0,15.0,,
RFESVM,wdbc,noise,6,0.873125,16.0,15.0,,
RFESVM,wdbc,noise,7,0.8157894736842105,16.0,15.0,,
RFESVM,wdbc,noise,8,0.8746898263027295,16.0,15.0,,
RFESVM,wdbc,noise,9,0.9310344827586207,16.0,15.0,,
RFESVM,wdbc,noise,10,0.8861111111111111,16.0,15.0,,
RFESVM,wdbc,both,1,0.8696646341463414,0.125,15.0,,
RFESVM,wdbc,both,2,0.8804054054054054,0.125,15.0,,
RFESVM,wdbc,both,3,0.9615384615384616,0.125,15.0,,
RFESVM,wdbc,both,4,0.7948529411764705,0.125,15.0,,
RFESVM,wdbc,both,5,0.8367647058823529,0.125,15.0,,
RFESVM,wdbc,both,6,0.7736572890025575,0.125,15.0,,
RFESVM,wdbc,both,7,0.9204545454545455,0.125,15.0,,
RFESVM,wdbc,both,8,0.8175,0.125,15.0,,
RFESVM,wdbc,both,9,0.8318414322250639,0.125,15.0,,
RFESVM,wdbc,both,10,0.9187500000000001,0.125,15.0,,
RFESVM,sonar,outlier,1,0.7740384615384615,0.125,15.0,,
RFESVM,sonar,outlier,2,0.68125,0.125,15.0,,
RFESVM,sonar,outlier,3,0.5590909090909092,0.125,15.0,,
RFESVM,sonar,outlier,4,0.7836538461538461,0.125,15.0,,
RFESVM,sonar,outlier,5,0.7272727272727273,0.125,15.0,,
RFESVM,sonar,outlier,6,0.7142857142857143,0.125,15.0,,
RFESVM,sonar,outlier,7,0.6590909090909092,0.125,15.0,,
RFESVM,sonar,outlier,8,0.6318181818181818,0.125,15.0,,
RFESVM,sonar,outlier,9,0.8434343434343434,0.125,15.0,,
RFESVM,sonar,outlier,10,0.6458333333333333,0.125,15.0,,
RFESVM,sonar,original,1,0.8365384615384616,0.125,15.0,,
RFESVM,sonar,original,2,0.7596153846153846,0.125,15.0,,
RFESVM,sonar,original,3,0.7777777777777778,0.125,15.0,,
RFESVM,sonar,original,4,0.8090909090909091,0.125,15.0,,
RFESVM,sonar,original,5,0.7272727272727273,0.125,15.0,,
RFESVM,sonar,original,6,0.8571428571428572,0.125,15.0,,
RFESVM,sonar,original,7,0.8136363636363636,0.125,15.0,,
RFESVM,sonar,original,8,0.6388888888888888,0.125,15.0,,
RFESVM,sonar,original,9,0.8080808080808081,0.125,15.0,,
RFESVM,sonar,original,10,0.6041666666666667,0.125,15.0,,
RFESVM,sonar,noise,1,0.7211538461538461,2.0,15.0,,
RFESVM,sonar,noise,2,0.6586538461538461,2.0,15.0,,
RFESVM,sonar,noise,3,0.8461538461538461,2.0,15.0,,
RFESVM,sonar,noise,4,0.9045454545454545,2.0,15.0,,
RFESVM,sonar,noise,5,0.6111111111111112,2.0,15.0,,
RFESVM,sonar,noise,6,0.7857142857142858,2.0,15.0,,
RFESVM,sonar,noise,7,0.7681818181818181,2.0,15.0,,
RFESVM,sonar,noise,8,0.6057692307692308,2.0,15.0,,
RFESVM,sonar,noise,9,0.75,2.0,15.0,,
RFESVM,sonar,noise,10,0.5879120879120879,2.0,15.0,,
RFESVM,sonar,both,1,0.6136363636363636,32.0,15.0,,
RFESVM,sonar,both,2,0.6785714285714286,32.0,15.0,,
RFESVM,sonar,both,3,0.75,32.0,15.0,,
RFESVM,sonar,both,4,0.7836538461538461,32.0,15.0,,
RFESVM,sonar,both,5,0.7681818181818181,32.0,15.0,,
RFESVM,sonar,both,6,0.6590909090909092,32.0,15.0,,
RFESVM,sonar,both,7,0.7211538461538461,32.0,15.0,,
RFESVM,sonar,both,8,0.4772727272727273,32.0,15.0,,
RFESVM,sonar,both,9,0.7708333333333333,32.0,15.0,,
RFESVM,sonar,both,10,0.5208333333333334,32.0,15.0,,
RFESVM,ionosphere,outlier,1,0.8235294117647058,0.5,8.0,,
RFESVM,ionosphere,outlier,2,0.8690476190476191,0.5,8.0,,
RFESVM,ionosphere,outlier,3,0.8333333333333334,0.5,8.0,,
RFESVM,ionosphere,outlier,4,0.6759868421052632,0.5,8.0,,
RFESVM,ionosphere,outlier,5,0.738095238095238,0.5,8.0,,
RFESVM,ionosphere,outlier,6,0.76,0.5,8.0,,
RFESVM,ionosphere,outlier,7,0.8529411764705882,0.5,8.0,,
RFESVM,ionosphere,outlier,8,0.8823529411764706,0.5,8.0,,
RFESVM,ionosphere,outlier,9,0.8181818181818181,0.5,8.0,,
RFESVM,ionosphere,outlier,10,0.8532608695652174,0.5,8.0,,
RFESVM,ionosphere,original,1,0.8666666666666667,0.25,8.0,,
RFESVM,ionosphere,original,2,0.8461538461538461,0.25,8.0,,
RFESVM,ionosphere,original,3,0.8882575757575758,0.25,8.0,,
RFESVM,ionosphere,original,4,0.7857142857142858,0.25,8.0,,
RFESVM,ionosphere,original,5,0.7898550724637682,0.25,8.0,,
RFESVM,ionosphere,original,6,0.7756410256410258,0.25,8.0,,
RFESVM,ionosphere,original,7,0.84375,0.25,8.0,,
RFESVM,ionosphere,original,8,0.9642857142857143,0.25,8.0,,
RFESVM,ionosphere,original,9,0.8636363636363636,0.25,8.0,,
RFESVM,ionosphere,original,10,0.9337121212121212,0.25,8.0,,
RFESVM,ionosphere,noise,1,0.75,1.0,17.0,,
RFESVM,ionosphere,noise,2,0.7416666666666667,1.0,17.0,,
RFESVM,ionosphere,noise,3,0.8219696969696969,1.0,17.0,,
RFESVM,ionosphere,noise,4,0.6904761904761905,1.0,17.0,,
RFESVM,ionosphere,noise,5,0.7556818181818181,1.0,17.0,,
RFESVM,ionosphere,noise,6,0.76,1.0,17.0,,
RFESVM,ionosphere,noise,7,0.875,1.0,17.0,,
RFESVM,ionosphere,noise,8,0.9642857142857143,1.0,17.0,,
RFESVM,ionosphere,noise,9,0.8115942028985508,1.0,17.0,,
RFESVM,ionosphere,noise,10,0.8115942028985508,1.0,17.0,,
RFESVM,ionosphere,both,1,0.725,16.0,8.0,,
RFESVM,ionosphere,both,2,0.7622377622377623,16.0,8.0,,
RFESVM,ionosphere,both,3,0.7166666666666666,16.0,8.0,,
RFESVM,ionosphere,both,4,0.575,16.0,8.0,,
RFESVM,ionosphere,both,5,0.6661184210526316,16.0,8.0,,
RFESVM,ionosphere,both,6,0.7000000000000001,16.0,8.0,,
RFESVM,ionosphere,both,7,0.7416666666666667,16.0,8.0,,
RFESVM,ionosphere,both,8,0.9,16.0,8.0,,
RFESVM,ionosphere,both,9,0.8099999999999999,16.0,8.0,,
RFESVM,ionosphere,both,10,0.7619047619047619,16.0,8.0,,
RFESVM,diabetes,outlier,1,0.7556360708534622,1.0,4.0,,
RFESVM,diabetes,outlier,2,0.7371794871794872,1.0,4.0,,
RFESVM,diabetes,outlier,3,0.6495614035087719,1.0,4.0,,
RFESVM,diabetes,outlier,4,0.7757692307692308,1.0,4.0,,
RFESVM,diabetes,outlier,5,0.8342749529190208,1.0,4.0,,
RFESVM,diabetes,outlier,6,0.6631205673758864,1.0,4.0,,
RFESVM,diabetes,outlier,7,0.6950354609929077,1.0,4.0,,
RFESVM,diabetes,outlier,8,0.6753846153846154,1.0,4.0,,
RFESVM,diabetes,outlier,9,0.7011784511784511,1.0,4.0,,
RFESVM,diabetes,outlier,10,0.732034632034632,1.0,4.0,,
RFESVM,diabetes,original,1,0.6688888888888889,0.5,4.0,,
RFESVM,diabetes,original,2,0.770408163265306,0.5,4.0,,
RFESVM,diabetes,original,3,0.6676923076923078,0.5,4.0,,
RFESVM,diabetes,original,4,0.8090909090909092,0.5,4.0,,
RFESVM,diabetes,original,5,0.7321428571428571,0.5,4.0,,
RFESVM,diabetes,original,6,0.696969696969697,0.5,4.0,,
RFESVM,diabetes,original,7,0.862962962962963,0.5,4.0,,
RFESVM,diabetes,original,8,0.725877192982456,0.5,4.0,,
RFESVM,diabetes,original,9,0.742652329749104,0.5,4.0,,
RFESVM,diabetes,original,10,0.7913832199546484,0.5,4.0,,
RFESVM,diabetes,noise,1,0.795990566037736,1.0,4.0,,
RFESVM,diabetes,noise,2,0.721938775510204,1.0,4.0,,
RFESVM,diabetes,noise,3,0.7616747181964573,1.0,4.0,,
RFESVM,diabetes,noise,4,0.7354559748427674,1.0,4.0,,
RFESVM,diabetes,noise,5,0.8636363636363635,1.0,4.0,,
RFESVM,diabetes,noise,6,0.7015306122448981,1.0,4.0,,
RFESVM,diabetes,noise,7,0.7215277777777778,1.0,4.0,,
RFESVM,diabetes,noise,8,0.6374077112387202,1.0,4.0,,
RFESVM,diabetes,noise,9,0.7104377104377104,1.0,4.0,,
RFESVM,diabetes,noise,10,0.7533333333333334,1.0,4.0,,
RFESVM,diabetes,both,1,0.6380769230769232,0.125,6.0,,
RFESVM,diabetes,both,2,0.6889140271493213,0.125,6.0,,
RFESVM,diabetes,both,3,0.5881578947368421,0.125,6.0,,
RFESVM,diabetes,both,4,0.7661538461538461,0.125,6.0,,
RFESVM,diabetes,both,5,0.7021929824561404,0.125,6.0,,
RFESVM,diabetes,both,6,0.6477272727272727,0.125,6.0,,
RFESVM,diabetes,both,7,0.6635416666666667,0.125,6.0,,
RFESVM,diabetes,both,8,0.6538461538461539,0.125,6.0,,
RFESVM,diabetes,both,9,0.6618589743589745,0.125,6.0,,
RFESVM,diabetes,both,10,0.7227564102564101,0.125,6.0,,
RFESVM,cleveland,outlier,1,0.7393162393162394,0.25,6.0,,
RFESVM,cleveland,outlier,2,0.9054621848739496,0.25,6.0,,
RFESVM,cleveland,outlier,3,0.7434210526315791,0.25,6.0,,
RFESVM,cleveland,outlier,4,0.8229665071770336,0.25,6.0,,
RFESVM,cleveland,outlier,5,0.8,0.25,6.0,,
RFESVM,cleveland,outlier,6,0.875,0.25,6.0,,
RFESVM,cleveland,outlier,7,0.763888888888889,0.25,6.0,,
RFESVM,cleveland,outlier,8,0.7760180995475114,0.25,6.0,,
RFESVM,cleveland,outlier,9,0.738095238095238,0.25,6.0,,
RFESVM,cleveland,outlier,10,0.7775119617224882,0.25,6.0,,
RFESVM,cleveland,original,1,0.8952991452991452,1.0,6.0,,
RFESVM,cleveland,original,2,0.8991596638655462,1.0,6.0,,
RFESVM,cleveland,original,3,0.7457264957264957,1.0,6.0,,
RFESVM,cleveland,original,4,0.9321266968325792,1.0,6.0,,
RFESVM,cleveland,original,5,0.7666666666666666,1.0,6.0,,
RFESVM,cleveland,original,6,0.8947368421052632,1.0,6.0,,
RFESVM,cleveland,original,7,0.8055555555555555,1.0,6.0,,
RFESVM,cleveland,original,8,0.8611111111111112,1.0,6.0,,
RFESVM,cleveland,original,9,0.8194444444444443,1.0,6.0,,
RFESVM,cleveland,original,10,0.7963800904977375,1.0,6.0,,
RFESVM,cleveland,noise,1,0.8675213675213674,8.0,6.0,,
RFESVM,cleveland,noise,2,0.7752100840336134,8.0,6.0,,
RFESVM,cleveland,noise,3,0.6794871794871796,8.0,6.0,,
RFESVM,cleveland,noise,4,0.8257918552036198,8.0,6.0,,
RFESVM,cleveland,noise,5,0.8,8.0,6.0,,
RFESVM,cleveland,noise,6,0.868421052631579,8.0,6.0,,
RFESVM,cleveland,noise,7,0.6944444444444444,8.0,6.0,,
RFESVM,cleveland,noise,8,0.8611111111111112,8.0,6.0,,
RFESVM,cleveland,noise,9,0.8055555555555555,8.0,6.0,,
RFESVM,cleveland,noise,10,0.7963800904977375,8.0,6.0,,
RFESVM,cleveland,both,1,0.745798319327731,4.0,9.0,,
RFESVM,cleveland,both,2,0.8309523809523808,4.0,9.0,,
RFESVM,cleveland,both,3,0.6741071428571428,4.0,9.0,,
RFESVM,cleveland,both,4,0.75,4.0,9.0,,
RFESVM,cleveland,both,5,0.6527777777777778,4.0,9.0,,
RFESVM,cleveland,both,6,0.6805555555555556,4.0,9.0,,
RFESVM,cleveland,both,7,0.8492822966507176,4.0,9.0,,
RFESVM,cleveland,both,8,0.8055555555555555,4.0,9.0,,
RFESVM,cleveland,both,9,0.715909090909091,4.0,9.0,,
RFESVM,cleveland,both,10,0.7083333333333334,4.0,9.0,,
PinFSSVM,wdbc,outlier,1,0.9321646341463415,0.125,,0.5,5.0
PinFSSVM,wdbc,outlier,2,0.9305555555555556,0.125,,0.5,5.0
PinFSSVM,wdbc,outlier,3,0.9268292682926829,0.125,,0.5,5.0
PinFSSVM,wdbc,outlier,4,0.9534883720930233,0.125,,0.5,5.0
PinFSSVM,wdbc,outlier,5,0.919969512195122,0.125,,0.5,5.0
PinFSSVM,wdbc,outlier,6,0.869047619047619,0.125,,0.5,5.0
PinFSSVM,wdbc,outlier,7,0.9428571428571428,0.125,,0.5,5.0
PinFSSVM,wdbc,outlier,8,0.984375,0.125,,0.5,5.0
PinFSSVM,wdbc,outlier,9,0.8688311688311688,0.125,,0.5,5.0
PinFSSVM,wdbc,outlier,10,0.986842105263158,0.125,,0.5,5.0
PinFSSVM,wdbc,original,1,0.9455882352941176,0.125,,0.1,5.0
PinFSSVM,wdbc,original,2,1.0,0.125,,0.1,5.0
PinFSSVM,wdbc,original,3,1.0,0.125,,0.1,5.0
PinFSSVM,wdbc,original,4,0.9874999999999999,0.125,,0.1,5.0
PinFSSVM,wdbc,original,5,0.9722222222222222,0.125,,0.1,5.0
PinFSSVM,wdbc,original,6,0.944375,0.125,,0.1,5.0
PinFSSVM,wdbc,original,7,0.9705882352941176,0.125,,0.1,5.0
PinFSSVM,wdbc,original,8,1.0,0.125,,0.1,5.0
PinFSSVM,wdbc,original,9,0.962962962962963,0.125,,0.1,5.0
PinFSSVM,wdbc,original,10,0.9473684210526316,0.125,,0.1,5.0
PinFSSVM,wdbc,noise,1,0.8782051282051283,0.5,,1.0,14.0
PinFSSVM,wdbc,noise,2,0.9838709677419355,0.5,,1.0,14.0
PinFSSVM,wdbc,noise,3,0.8746753246753247,0.5,,1.0,14.0
PinFSSVM,wdbc,noise,4,0.9209401709401709,0.5,,1.0,14.0
PinFSSVM,wdbc,noise,5,0.9375,0.5,,1.0,14.0
PinFSSVM,wdbc,noise,6,0.8574999999999999,0.5,,1.0,14.0
PinFSSVM,wdbc,noise,7,0.881578947368421,0.5,,1.0,14.0
PinFSSVM,wdbc,noise,8,0.8455334987593052,0.5,,1.0,14.0
PinFSSVM,wdbc,noise,9,0.9131773399014779,0.5,,1.0,14.0
PinFSSVM,wdbc,noise,10,0.9222222222222222,0.5,,1.0,14.0
PinFSSVM,wdbc,both,1,0.8643292682926829,4.0,,1.0,10.0
PinFSSVM,wdbc,both,2,0.9054054054054054,4.0,,1.0,10.0
PinFSSVM,wdbc,both,3,0.8952991452991452,4.0,,1.0,10.0
PinFSSVM,wdbc,both,4,0.7948529411764705,4.0,,1.0,10.0
PinFSSVM,wdbc,both,5,0.8661764705882352,4.0,,1.0,10.0
PinFSSVM,wdbc,both,6,0.8248081841432225,4.0,,1.0,10.0
PinFSSVM,wdbc,both,7,0.9204545454545455,4.0,,1.0,10.0
PinFSSVM,wdbc,both,8,0.8262499999999999,4.0,,1.0,10.0
PinFSSVM,wdbc,both,9,0.8612531969309462,4.0,,1.0,10.0
PinFSSVM,wdbc,both,10,0.9187500000000001,4.0,,1.0,10.0
PinFSSVM,sonar,outlier,1,0.7355769230769231,0.125,,0.1,2.0
PinFSSVM,sonar,outlier,2,0.8062500000000001,0.125,,0.1,2.0
PinFSSVM,sonar,outlier,3,0.6590909090909092,0.125,,0.1,2.0
PinFSSVM,sonar,outlier,4,0.7067307692307692,0.125,,0.1,2.0
PinFSSVM,sonar,outlier,5,0.7227272727272727,0.125,,0.1,2.0
PinFSSVM,sonar,outlier,6,0.8214285714285715,0.125,,0.1,2.0
PinFSSVM,sonar,outlier,7,0.6590909090909092,0.125,,0.1,2.0
PinFSSVM,sonar,outlier,8,0.6318181818181818,0.125,,0.1,2.0
PinFSSVM,sonar,outlier,9,0.8333333333333334,0.125,,0.1,2.0
PinFSSVM,sonar,outlier,10,0.6875,0.125,,0.1,2.0
PinFSSVM,sonar,original,1,0.8365384615384616,0.25,,0.5,8.0
PinFSSVM,sonar,original,2,0.7211538461538461,0.25,,0.5,8.0
PinFSSVM,sonar,original,3,0.7916666666666666,0.25,,0.5,8.0
PinFSSVM,sonar,original,4,0.8045454545454546,0.25,,0.5,8.0
PinFSSVM,sonar,original,5,0.7272727272727273,0.25,,0.5,8.0
PinFSSVM,sonar,original,6,0.8928571428571429,0.25,,0.5,8.0
PinFSSVM,sonar,original,7,0.8136363636363636,0.25,,0.5,8.0
PinFSSVM,sonar,original,8,0.6944444444444444,0.25,,0.5,8.0
PinFSSVM,sonar,original,9,0.8535353535353535,0.25,,0.5,8.0
PinFSSVM,sonar,original,10,0.6666666666666666,0.25,,0.5,8.0
PinFSSVM,sonar,noise,1,0.798076923076923,2.0,,0.5,5.0
PinFSSVM,sonar,noise,2,0.7211538461538461,2.0,,0.5,5.0
PinFSSVM,sonar,noise,3,0.7451923076923077,2.0,,0.5,5.0
PinFSSVM,sonar,noise,4,0.9500000000000001,2.0,,0.5,5.0
PinFSSVM,sonar,noise,5,0.7916666666666666,2.0,,0.5,5.0
PinFSSVM,sonar,noise,6,0.7857142857142858,2.0,,0.5,5.0
PinFSSVM,sonar,noise,7,0.8136363636363636,2.0,,0.5,5.0
PinFSSVM,sonar,noise,8,0.6057692307692308,2.0,,0.5,5.0
PinFSSVM,sonar,noise,9,0.75,2.0,,0.5,5.0
PinFSSVM,sonar,noise,10,0.7032967032967032,2.0,,0.5,5.0
PinFSSVM,sonar,both,1,0.7545454545454546,4.0,,0.1,7.0
PinFSSVM,sonar,both,2,0.8214285714285714,4.0,,0.1,7.0
PinFSSVM,sonar,both,3,0.5694444444444444,4.0,,0.1,7.0
PinFSSVM,sonar,both,4,0.8221153846153846,4.0,,0.1,7.0
PinFSSVM,sonar,both,5,0.8136363636363636,4.0,,0.1,7.0
PinFSSVM,sonar,both,6,0.7045454545454546,4.0,,0.1,7.0
PinFSSVM,sonar,both,7,0.6586538461538461,4.0,,0.1,7.0
PinFSSVM,sonar,both,8,0.5818181818181818,4.0,,0.1,7.0
PinFSSVM,sonar,both,9,0.8125,4.0,,0.1,7.0
PinFSSVM,sonar,both,10,0.6041666666666667,4.0,,0.1,7.0
PinFSSVM,ionosphere,outlier,1,0.7941176470588236,2.0,,0.1,12.0
PinFSSVM,ionosphere,outlier,2,0.8690476190476191,2.0,,0.1,12.0
PinFSSVM,ionosphere,outlier,3,0.8333333333333334,2.0,,0.1,12.0
PinFSSVM,ionosphere,outlier,4,0.6759868421052632,2.0,,0.1,12.0
PinFSSVM,ionosphere,outlier,5,0.738095238095238,2.0,,0.1,12.0
PinFSSVM,ionosphere,outlier,6,0.76,2.0,,0.1,12.0
PinFSSVM,ionosphere,outlier,7,0.8235294117647058,2.0,,0.1,12.0
PinFSSVM,ionosphere,outlier,8,0.8823529411764706,2.0,,0.1,12.0
PinFSSVM,ionosphere,outlier,9,0.8181818181818181,2.0,,0.1,12.0
PinFSSVM,ionosphere,outlier,10,0.8532608695652174,2.0,,0.1,12.0
PinFSSVM,ionosphere,original,1,0.8666666666666667,2.0,,0.1,12.0
PinFSSVM,ionosphere,original,2,0.8461538461538461,2.0,,0.1,12.0
PinFSSVM,ionosphere,original,3,0.9337121212121212,2.0,,0.1,12.0
PinFSSVM,ionosphere,original,4,0.75,2.0,,0.1,12.0
PinFSSVM,ionosphere,original,5,0.8115942028985508,2.0,,0.1,12.0
PinFSSVM,ionosphere,original,6,0.7948717948717949,2.0,,0.1,12.0
PinFSSVM,ionosphere,original,7,0.875,2.0,,0.1,12.0
PinFSSVM,ionosphere,original,8,0.9642857142857143,2.0,,0.1,12.0
PinFSSVM,ionosphere,original,9,0.8181818181818181,2.0,,0.1,12.0
PinFSSVM,ionosphere,original,10,0.8882575757575758,2.0,,0.1,12.0
PinFSSVM,ionosphere,noise,1,0.78125,1.0,,0.1,14.0
PinFSSVM,ionosphere,noise,2,0.7083333333333333,1.0,,0.1,14.0
PinFSSVM,ionosphere,noise,3,0.8219696969696969,1.0,,0.1,14.0
PinFSSVM,ionosphere,noise,4,0.6785714285714286,1.0,,0.1,14.0
PinFSSVM,ionosphere,noise,5,0.7556818181818181,1.0,,0.1,14.0
PinFSSVM,ionosphere,noise,6,0.76,1.0,,0.1,14.0
PinFSSVM,ionosphere,noise,7,0.875,1.0,,0.1,14.0
PinFSSVM,ionosphere,noise,8,1.0,1.0,,0.1,14.0
PinFSSVM,ionosphere,noise,9,0.8532608695652174,1.0,,0.1,14.0
PinFSSVM,ionosphere,noise,10,0.7898550724637682,1.0,,0.1,14.0
PinFSSVM,ionosphere,both,1,0.775,0.5,,0.1,2.0
PinFSSVM,ionosphere,both,2,0.784965034965035,0.5,,0.1,2.0
PinFSSVM,ionosphere,both,3,0.75,0.5,,0.1,2.0
PinFSSVM,ionosphere,both,4,0.6083333333333334,0.5,,0.1,2.0
PinFSSVM,ionosphere,both,5,0.6661184210526316,0.5,,0.1,2.0
PinFSSVM,ionosphere,both,6,0.71,0.5,,0.1,2.0
PinFSSVM,ionosphere,both,7,0.725,0.5,,0.1,2.0
PinFSSVM,ionosphere,both,8,0.9333333333333333,0.5,,0.1,2.0
PinFSSVM,ionosphere,both,9,0.6799999999999999,0.5,,0.1,2.0
PinFSSVM,ionosphere,both,10,0.8214285714285714,0.5,,0.1,2.0
PinFSSVM,diabetes,outlier,1,0.7556360708534622,0.5,,0.1,4.0
PinFSSVM,diabetes,outlier,2,0.7371794871794872,0.5,,0.1,4.0
PinFSSVM,diabetes,outlier,3,0.6495614035087719,0.5,,0.1,4.0
PinFSSVM,diabetes,outlier,4,0.7757692307692308,0.5,,0.1,4.0
PinFSSVM,diabetes,outlier,5,0.8342749529190208,0.5,,0.1,4.0
PinFSSVM,diabetes,outlier,6,0.6631205673758864,0.5,,0.1,4.0
PinFSSVM,diabetes,outlier,7,0.7163120567375886,0.5,,0.1,4.0
PinFSSVM,diabetes,outlier,8,0.6753846153846154,0.5,,0.1,4.0
PinFSSVM,diabetes,outlier,9,0.7104377104377104,0.5,,0.1,4.0
PinFSSVM,diabetes,outlier,10,0.7558441558441558,0.5,,0.1,4.0
PinFSSVM,diabetes,original,1,0.715925925925926,0.125,,1.0,5.0
PinFSSVM,diabetes,original,2,0.7780612244897959,0.125,,1.0,5.0
PinFSSVM,diabetes,original,3,0.666923076923077,0.125,,1.0,5.0
PinFSSVM,diabetes,original,4,0.7818181818181819,0.125,,1.0,5.0
PinFSSVM,diabetes,original,5,0.7678571428571428,0.125,,1.0,5.0
PinFSSVM,diabetes,original,6,0.7121212121212122,0.125,,1.0,5.0
PinFSSVM,diabetes,original,7,0.8344444444444444,0.125,,1.0,5.0
PinFSSVM,diabetes,original,8,0.7434210526315791,0.125,,1.0,5.0
PinFSSVM,diabetes,original,9,0.7265232974910394,0.125,,1.0,5.0
PinFSSVM,diabetes,original,10,0.742252456538171,0.125,,1.0,5.0
PinFSSVM,diabetes,noise,1,0.795990566037736,0.5,,0.5,5.0
PinFSSVM,diabetes,noise,2,0.7397959183673468,0.5,,0.5,5.0
PinFSSVM,diabetes,noise,3,0.6686795491143317,0.5,,0.5,5.0
PinFSSVM,diabetes,noise,4,0.7979559748427673,0.5,,0.5,5.0
PinFSSVM,diabetes,noise,5,0.8090909090909092,0.5,,0.5,5.0
PinFSSVM,diabetes,noise,6,0.7193877551020409,0.5,,0.5,5.0
PinFSSVM,diabetes,noise,7,0.7527777777777778,0.5,,0.5,5.0
PinFSSVM,diabetes,noise,8,0.6497128794093519,0.5,,0.5,5.0
PinFSSVM,diabetes,noise,9,0.6649831649831649,0.5,,0.5,5.0
PinFSSVM,diabetes,noise,10,0.7831372549019607,0.5,,0.5,5.0
PinFSSVM,diabetes,both,1,0.6380769230769232,2.0,,0.1,5.0
PinFSSVM,diabetes,both,2,0.6889140271493213,2.0,,0.1,5.0
PinFSSVM,diabetes,both,3,0.5969298245614035,2.0,,0.1,5.0
PinFSSVM,diabetes,both,4,0.7861538461538462,2.0,,0.1,5.0
PinFSSVM,diabetes,both,5,0.7021929824561404,2.0,,0.1,5.0
PinFSSVM,diabetes,both,6,0.662878787878788,2.0,,0.1,5.0
PinFSSVM,diabetes,both,7,0.6791666666666668,2.0,,0.1,5.0
PinFSSVM,diabetes,both,8,0.6746794871794872,2.0,,0.1,5.0
PinFSSVM,diabetes,both,9,0.6826923076923078,2.0,,0.1,5.0
PinFSSVM,diabetes,both,10,0.7227564102564101,2.0,,0.1,5.0
PinFSSVM,cleveland,outlier,1,0.7393162393162394,0.25,,0.1,6.0
PinFSSVM,cleveland,outlier,2,0.9054621848739496,0.25,,0.1,6.0
PinFSSVM,cleveland,outlier,3,0.7434210526315791,0.25,,0.1,6.0
PinFSSVM,cleveland,outlier,4,0.8229665071770336,0.25,,0.1,6.0
PinFSSVM,cleveland,outlier,5,0.8,0.25,,0.1,6.0
PinFSSVM,cleveland,outlier,6,0.875,0.25,,0.1,6.0
PinFSSVM,cleveland,outlier,7,0.763888888888889,0.25,,0.1,6.0
PinFSSVM,cleveland,outlier,8,0.8144796380090499,0.25,,0.1,6.0
PinFSSVM,cleveland,outlier,9,0.738095238095238,0.25,,0.1,6.0
PinFSSVM,cleveland,outlier,10,0.8038277511961723,0.25,,0.1,6.0
PinFSSVM,cleveland,original,1,0.8952991452991452,0.25,,0.5,7.0
PinFSSVM,cleveland,original,2,0.9054621848739496,0.25,,0.5,7.0
PinFSSVM,cleveland,original,3,0.7457264957264957,0.25,,0.5,7.0
PinFSSVM,cleveland,original,4,0.8733031674208145,0.25,,0.5,7.0
PinFSSVM,cleveland,original,5,0.8,0.25,,0.5,7.0
PinFSSVM,cleveland,original,6,0.8947368421052632,0.25,,0.5,7.0
PinFSSVM,cleveland,original,7,0.7777777777777777,0.25,,0.5,7.0
PinFSSVM,cleveland,original,8,0.8611111111111112,0.25,,0.5,7.0
PinFSSVM,cleveland,original,9,0.8333333333333333,0.25,,0.5,7.0
PinFSSVM,cleveland,original,10,0.8642533936651584,0.25,,0.5,7.0
PinFSSVM,cleveland,noise,1,0.905982905982906,0.25,,0.1,4.0
PinFSSVM,cleveland,noise,2,0.7689075630252101,0.25,,0.1,4.0
PinFSSVM,cleveland,noise,3,0.717948717948718,0.25,,0.1,4.0
PinFSSVM,cleveland,noise,4,0.7963800904977375,0.25,,0.1,4.0
PinFSSVM,cleveland,noise,5,0.8,0.25,,0.1,4.0
PinFSSVM,cleveland,noise,6,0.868421052631579,0.25,,0.1,4.0
PinFSSVM,cleveland,noise,7,0.7222222222222221,0.25,,0.1,4.0
PinFSSVM,cleveland,noise,8,0.8333333333333333,0.25,,0.1,4.0
PinFSSVM,cleveland,noise,9,0.7777777777777777,0.25,,0.1,4.0
PinFSSVM,cleveland,noise,10,0.8348416289592759,0.25,,0.1,4.0
PinFSSVM,cleveland,both,1,0.7100840336134453,32.0,,0.1,12.0
PinFSSVM,cleveland,both,2,0.8309523809523808,32.0,,0.1,12.0
PinFSSVM,cleveland,both,3,0.6383928571428572,32.0,,0.1,12.0
PinFSSVM,cleveland,both,4,0.75,32.0,,0.1,12.0
PinFSSVM,cleveland,both,5,0.736111111111111,32.0,,0.1,12.0
PinFSSVM,cleveland,both,6,0.638888888888889,32.0,,0.1,12.0
PinFSSVM,cleveland,both,7,0.8492822966507176,32.0,,0.1,12.0
PinFSSVM,cleveland,both,8,0.7777777777777779,32.0,,0.1,12.0
PinFSSVM,cleveland,both,9,0.715909090909091,32.0,,0.1,12.0
PinFSSVM,cleveland,both,10,0.7083333333333334,32.0,,0.1,12.0
PinballSVM,wdbc,outlier,1,0.9321646341463415,1.0,,0.1,
PinballSVM,wdbc,outlier,2,0.9305555555555556,1.0,,0.1,
PinballSVM,wdbc,outlier,3,0.9268292682926829,1.0,,0.1,
PinballSVM,wdbc,outlier,4,0.9534883720930233,1.0,,0.1,
PinballSVM,wdbc,outlier,5,0.9443597560975608,1.0,,0.1,
PinballSVM,wdbc,outlier,6,0.8829365079365079,1.0,,0.1,
PinballSVM,wdbc,outlier,7,0.9428571428571428,1.0,,0.1,
PinballSVM,wdbc,outlier,8,0.984375,1.0,,0.1,
PinballSVM,wdbc,outlier,9,0.8545454545454546,1.0,,0.1,
PinballSVM,wdbc,outlier,10,0.9736842105263158,1.0,,0.1,
PinballSVM,wdbc,original,1,0.9455882352941176,0.5,,1.0,
PinballSVM,wdbc,original,2,1.0,0.5,,1.0,
PinballSVM,wdbc,original,3,0.9864864864864865,0.5,,1.0,
PinballSVM,wdbc,original,4,0.9874999999999999,0.5,,1.0,
PinballSVM,wdbc,original,5,0.9594017094017093,0.5,,1.0,
PinballSVM,wdbc,original,6,0.92875,0.5,,1.0,
PinballSVM,wdbc,original,7,0.9705882352941176,0.5,,1.0,
PinballSVM,wdbc,original,8,1.0,0.5,,1.0,
PinballSVM,wdbc,original,9,0.9296296296296297,0.5,,1.0,
PinballSVM,wdbc,original,10,0.9864864864864865,0.5,,1.0,
PinballSVM,wdbc,noise,1,0.8782051282051283,0.125,,1.0,
PinballSVM,wdbc,noise,2,0.9838709677419355,0.125,,1.0,
PinballSVM,wdbc,noise,3,0.8233766233766234,0.125,,1.0,
PinballSVM,wdbc,noise,4,0.9209401709401709,0.125,,1.0,
PinballSVM,wdbc,noise,5,0.9375,0.125,,1.0,
PinballSVM,wdbc,noise,6,0.8574999999999999,0.125,,1.0,
PinballSVM,wdbc,noise,7,0.881578947368421,0.125,,1.0,
PinballSVM,wdbc,noise,8,0.826302729528536,0.125,,1.0,
PinballSVM,wdbc,noise,9,0.9131773399014779,0.125,,1.0,
PinballSVM,wdbc,noise,10,0.9222222222222222,0.125,,1.0,
PinballSVM,wdbc,both,1,0.8330792682926829,0.5,,1.0,
PinballSVM,wdbc,both,2,0.9054054054054054,0.5,,1.0,
PinballSVM,wdbc,both,3,0.8952991452991452,0.5,,1.0,
PinballSVM,wdbc,both,4,0.7948529411764705,0.5,,1.0,
PinballSVM,wdbc,both,5,0.8536764705882351,0.5,,1.0,
PinballSVM,wdbc,both,6,0.8101023017902814,0.5,,1.0,
PinballSVM,wdbc,both,7,0.8819930069930071,0.5,,1.0,
PinballSVM,wdbc,both,8,0.8262499999999999,0.5,,1.0,
PinballSVM,wdbc,both,9,0.8829923273657289,0.5,,1.0,
PinballSVM,wdbc,both,10,0.9187500000000001,0.5,,1.0,
PinballSVM,sonar,outlier,1,0.7740384615384615,0.125,,0.5,
PinballSVM,sonar,outlier,2,0.61875,0.125,,0.5,
PinballSVM,sonar,outlier,3,0.6590909090909092,0.125,,0.5,
PinballSVM,sonar,outlier,4,0.8461538461538461,0.125,,0.5,
PinballSVM,sonar,outlier,5,0.7727272727272727,0.125,,0.5,
PinballSVM,sonar,outlier,6,0.7142857142857143,0.125,,0.5,
PinballSVM,sonar,outlier,7,0.759090909090909,0.125,,0.5,
PinballSVM,sonar,outlier,8,0.6272727272727273,0.125,,0.5,
PinballSVM,sonar,outlier,9,0.7525252525252525,0.125,,0.5,
PinballSVM,sonar,outlier,10,0.6041666666666667,0.125,,0.5,
PinballSVM,sonar,original,1,0.8365384615384616,0.25,,0.5,
PinballSVM,sonar,original,2,0.6826923076923077,0.25,,0.5,
PinballSVM,sonar,original,3,0.7777777777777778,0.25,,0.5,
PinballSVM,sonar,original,4,0.8545454545454545,0.25,,0.5,
PinballSVM,sonar,original,5,0.7272727272727273,0.25,,0.5,
PinballSVM,sonar,original,6,0.7857142857142858,0.25,,0.5,
PinballSVM,sonar,original,7,0.8136363636363636,0.25,,0.5,
PinballSVM,sonar,original,8,0.7222222222222223,0.25,,0.5,
PinballSVM,sonar,original,9,0.8080808080808081,0.25,,0.5,
PinballSVM,sonar,original,10,0.5625,0.25,,0.5,
PinballSVM,sonar,noise,1,0.7596153846153846,16.0,,0.1,
PinballSVM,sonar,noise,2,0.7211538461538461,16.0,,0.1,
PinballSVM,sonar,noise,3,0.8461538461538461,16.0,,0.1,
PinballSVM,sonar,noise,4,0.8136363636363637,16.0,,0.1,
PinballSVM,sonar,noise,5,0.6666666666666667,16.0,,0.1,
PinballSVM,sonar,noise,6,0.8571428571428572,16.0,,0.1,
PinballSVM,sonar,noise,7,0.7681818181818181,16.0,,0.1,
PinballSVM,sonar,noise,8,0.6057692307692308,16.0,,0.1,
PinballSVM,sonar,noise,9,0.7000000000000001,16.0,,0.1,
PinballSVM,sonar,noise,10,0.5879120879120879,16.0,,0.1,
PinballSVM,sonar,both,1,0.6590909090909092,4.0,,0.1,
PinballSVM,sonar,both,2,0.7857142857142858,4.0,,0.1,
PinballSVM,sonar,both,3,0.6527777777777777,4.0,,0.1,
PinballSVM,sonar,both,4,0.8221153846153846,4.0,,0.1,
PinballSVM,sonar,both,5,0.7727272727272727,4.0,,0.1,
PinballSVM,sonar,both,6,0.6090909090909091,4.0,,0.1,
PinballSVM,sonar,both,7,0.6586538461538461,4.0,,0.1,
PinballSVM,sonar,both,8,0.4818181818181818,4.0,,0.1,
PinballSVM,sonar,both,9,0.7708333333333333,4.0,,0.1,
PinballSVM,sonar,both,10,0.5208333333333334,4.0,,0.1,
PinballSVM,ionosphere,outlier,1,0.7941176470588236,1.0,,0.1,
PinballSVM,ionosphere,outlier,2,0.8690476190476191,1.0,,0.1,
PinballSVM,ionosphere,outlier,3,0.8333333333333334,1.0,,0.1,
PinballSVM,ionosphere,outlier,4,0.6759868421052632,1.0,,0.1,
PinballSVM,ionosphere,outlier,5,0.738095238095238,1.0,,0.1,
PinballSVM,ionosphere,outlier,6,0.76,1.0,,0.1,
PinballSVM,ionosphere,outlier,7,0.8235294117647058,1.0,,0.1,
PinballSVM,ionosphere,outlier,8,0.8823529411764706,1.0,,0.1,
PinballSVM,ionosphere,outlier,9,0.8181818181818181,1.0,,0.1,
PinballSVM,ionosphere,outlier,10,0.8532608695652174,1.0,,0.1,
PinballSVM,ionosphere,original,1,0.8666666666666667,2.0,,0.1,
PinballSVM,ionosphere,original,2,0.8461538461538461,2.0,,0.1,
PinballSVM,ionosphere,original,3,0.9337121212121212,2.0,,0.1,
PinballSVM,ionosphere,original,4,0.75,2.0,,0.1,
PinballSVM,ionosphere,original,5,0.8115942028985508,2.0,,0.1,
PinballSVM,ionosphere,original,6,0.7948717948717949,2.0,,0.1,
PinballSVM,ionosphere,original,7,0.875,2.0,,0.1,
PinballSVM,ionosphere,original,8,0.9642857142857143,2.0,,0.1,
PinballSVM,ionosphere,original,9,0.7727272727272727,2.0,,0.1,
PinballSVM,ionosphere,original,10,0.8882575757575758,2.0,,0.1,
PinballSVM,ionosphere,noise,1,0.78125,0.5,,0.1,
PinballSVM,ionosphere,noise,2,0.7083333333333333,0.5,,0.1,
PinballSVM,ionosphere,noise,3,0.8219696969696969,0.5,,0.1,
PinballSVM,ionosphere,noise,4,0.6547619047619048,0.5,,0.1,
PinballSVM,ionosphere,noise,5,0.7556818181818181,0.5,,0.1,
PinballSVM,ionosphere,noise,6,0.76,0.5,,0.1,
PinballSVM,ionosphere,noise,7,0.875,0.5,,0.1,
PinballSVM,ionosphere,noise,8,0.9642857142857143,0.5,,0.1,
PinballSVM,ionosphere,noise,9,0.8532608695652174,0.5,,0.1,
PinballSVM,ionosphere,noise,10,0.7898550724637682,0.5,,0.1,
PinballSVM,ionosphere,both,1,0.725,0.25,,0.5,
PinballSVM,ionosphere,both,2,0.7465034965034966,0.25,,0.5,
PinballSVM,ionosphere,both,3,0.675,0.25,,0.5,
PinballSVM,ionosphere,both,4,0.5916666666666668,0.25,,0.5,
PinballSVM,ionosphere,both,5,0.6661184210526316,0.25,,0.5,
PinballSVM,ionosphere,both,6,0.69,0.25,,0.5,
PinballSVM,ionosphere,both,7,0.7416666666666667,0.25,,0.5,
PinballSVM,ionosphere,both,8,0.9,0.25,,0.5,
PinballSVM,ionosphere,both,9,0.73,0.25,,0.5,
PinballSVM,ionosphere,both,10,0.7619047619047619,0.25,,0.5,
PinballSVM,diabetes,outlier,1,0.7463768115942031,0.25,,1.0,
PinballSVM,diabetes,outlier,2,0.717948717948718,0.25,,1.0,
PinballSVM,diabetes,outlier,3,0.6495614035087719,0.25,,1.0,
PinballSVM,diabetes,outlier,4,0.7861538461538462,0.25,,1.0,
PinballSVM,diabetes,outlier,5,0.78954802259887,0.25,,1.0,
PinballSVM,diabetes,outlier,6,0.6964539007092198,0.25,,1.0,
PinballSVM,diabetes,outlier,7,0.6950354609929077,0.25,,1.0,
PinballSVM,diabetes,outlier,8,0.7130769230769232,0.25,,1.0,
PinballSVM,diabetes,outlier,9,0.6557239057239057,0.25,,1.0,
PinballSVM,diabetes,outlier,10,0.7376623376623377,0.25,,1.0,
PinballSVM,diabetes,original,1,0.715925925925926,0.125,,1.0,
PinballSVM,diabetes,original,2,0.7780612244897959,0.125,,1.0,
PinballSVM,diabetes,original,3,0.6476923076923078,0.125,,1.0,
PinballSVM,diabetes,original,4,0.7818181818181819,0.125,,1.0,
PinballSVM,diabetes,original,5,0.7678571428571428,0.125,,1.0,
PinballSVM,diabetes,original,6,0.7121212121212122,0.125,,1.0,
PinballSVM,diabetes,original,7,0.8344444444444444,0.125,,1.0,
PinballSVM,diabetes,original,8,0.7521929824561403,0.125,,1.0,
PinballSVM,diabetes,original,9,0.7265232974910394,0.125,,1.0,
PinballSVM,diabetes,original,10,0.742252456538171,0.125,,1.0,
PinballSVM,diabetes,noise,1,0.7865566037735849,0.125,,0.1,
PinballSVM,diabetes,noise,2,0.7397959183673468,0.125,,0.1,
PinballSVM,diabetes,noise,3,0.7028985507246377,0.125,,0.1,
PinballSVM,diabetes,noise,4,0.777122641509434,0.125,,0.1,
PinballSVM,diabetes,noise,5,0.831818181818182,0.125,,0.1,
PinballSVM,diabetes,noise,6,0.7372448979591837,0.125,,0.1,
PinballSVM,diabetes,noise,7,0.7215277777777778,0.125,,0.1,
PinballSVM,diabetes,noise,8,0.6714520098441346,0.125,,0.1,
PinballSVM,diabetes,noise,9,0.6557239057239057,0.125,,0.1,
PinballSVM,diabetes,noise,10,0.7831372549019607,0.125,,0.1,
PinballSVM,diabetes,both,1,0.6380769230769232,0.125,,0.5,
PinballSVM,diabetes,both,2,0.6889140271493213,0.125,,0.5,
PinballSVM,diabetes,both,3,0.5881578947368421,0.125,,0.5,
PinballSVM,diabetes,both,4,0.7861538461538462,0.125,,0.5,
PinballSVM,diabetes,both,5,0.7021929824561404,0.125,,0.5,
PinballSVM,diabetes,both,6,0.6363636363636362,0.125,,0.5,
PinballSVM,diabetes,both,7,0.6791666666666668,0.125,,0.5,
PinballSVM,diabetes,both,8,0.6858974358974359,0.125,,0.5,
PinballSVM,diabetes,both,9,0.6618589743589745,0.125,,0.5,
PinballSVM,diabetes,both,10,0.7323717948717949,0.125,,0.5,
PinballSVM,cleveland,outlier,1,0.7777777777777778,0.125,,0.1,
PinballSVM,cleveland,outlier,2,0.8697478991596639,0.125,,0.1,
PinballSVM,cleveland,outlier,3,0.7434210526315791,0.125,,0.1,
PinballSVM,cleveland,outlier,4,0.8229665071770336,0.125,,0.1,
PinballSVM,cleveland,outlier,5,0.8,0.125,,0.1,
PinballSVM,cleveland,outlier,6,0.85,0.125,,0.1,
PinballSVM,cleveland,outlier,7,0.7361111111111112,0.125,,0.1,
PinballSVM,cleveland,outlier,8,0.8144796380090499,0.125,,0.1,
PinballSVM,cleveland,outlier,9,0.738095238095238,0.125,,0.1,
PinballSVM,cleveland,outlier,10,0.7775119617224882,0.125,,0.1,
PinballSVM,cleveland,original,1,0.8846153846153846,0.125,,0.5,
PinballSVM,cleveland,original,2,0.9054621848739496,0.125,,0.5,
PinballSVM,cleveland,original,3,0.7735042735042735,0.125,,0.5,
PinballSVM,cleveland,original,4,0.8733031674208145,0.125,,0.5,
PinballSVM,cleveland,original,5,0.8,0.125,,0.5,
PinballSVM,cleveland,original,6,0.8947368421052632,0.125,,0.5,
PinballSVM,cleveland,original,7,0.763888888888889,0.125,,0.5,
PinballSVM,cleveland,original,8,0.8611111111111112,0.125,,0.5,
PinballSVM,cleveland,original,9,0.8055555555555555,0.125,,0.5,
PinballSVM,cleveland,original,10,0.8348416289592759,0.125,,0.5,
PinballSVM,cleveland,noise,1,0.8290598290598289,0.5,,0.1,
PinballSVM,cleveland,noise,2,0.8046218487394957,0.5,,0.1,
PinballSVM,cleveland,noise,3,0.6794871794871796,0.5,,0.1,
PinballSVM,cleveland,noise,4,0.8257918552036198,0.5,,0.1,
PinballSVM,cleveland,noise,5,0.7666666666666667,0.5,,0.1,
PinballSVM,cleveland,noise,6,0.868421052631579,0.5,,0.1,
PinballSVM,cleveland,noise,7,0.6666666666666666,0.5,,0.1,
PinballSVM,cleveland,noise,8,0.8055555555555556,0.5,,0.1,
PinballSVM,cleveland,noise,9,0.763888888888889,0.5,,0.1,
PinballSVM,cleveland,noise,10,0.7963800904977375,0.5,,0.1,
PinballSVM,cleveland,both,1,0.745798319327731,0.125,,0.1,
PinballSVM,cleveland,both,2,0.8309523809523808,0.125,,0.1,
PinballSVM,cleveland,both,3,0.6071428571428572,0.125,,0.1,
PinballSVM,cleveland,both,4,0.75,0.125,,0.1,
PinballSVM,cleveland,both,5,0.736111111111111,0.125,,0.1,
PinballSVM,cleveland,both,6,0.6805555555555556,0.125,,0.1,
PinballSVM,cleveland,both,7,0.8492822966507176,0.125,,0.1,
PinballSVM,cleveland,both,8,0.8055555555555555,0.125,,0.1,
PinballSVM,cleveland,both,9,0.6931818181818181,0.125,,0.1,
PinballSVM,cleveland,both,10,0.7083333333333334,0.125,,0.1,
MILP1,wdbc,outlier,1,0.9321646341463415,0.125,,,9.0
MILP1,wdbc,outlier,2,0.9027777777777778,0.125,,,9.0
MILP1,wdbc,outlier,3,0.9390243902439024,0.125,,,9.0
MILP1,wdbc,outlier,4,0.9534883720930233,0.125,,,9.0
MILP1,wdbc,outlier,5,0.9321646341463415,0.125,,,9.0
MILP1,wdbc,outlier,6,0.8551587301587302,0.125,,,9.0
MILP1,wdbc,outlier,7,0.9428571428571428,0.125,,,9.0
MILP1,wdbc,outlier,8,0.984375,0.125,,,9.0
MILP1,wdbc,outlier,9,0.825974025974026,0.125,,,9.0
MILP1,wdbc,outlier,10,0.9736842105263158,0.125,,,9.0
MILP1,wdbc,original,1,0.9705882352941176,0.125,,,11.0
MILP1,wdbc,original,2,0.9838709677419355,0.125,,,11.0
MILP1,wdbc,original,3,0.9864864864864865,0.125,,,11.0
MILP1,wdbc,original,4,0.9874999999999999,0.125,,,11.0
MILP1,wdbc,original,5,0.9444444444444444,0.125,,,11.0
MILP1,wdbc,original,6,0.944375,0.125,,,11.0
MILP1,wdbc,original,7,1.0,0.125,,,11.0
MILP1,wdbc,original,8,1.0,0.125,,,11.0
MILP1,wdbc,original,9,0.9462962962962963,0.125,,,11.0
MILP1,wdbc,original,10,0.9338549075391182,0.125,,,11.0
MILP1,wdbc,noise,1,0.9038461538461539,0.125,,,14.0
MILP1,wdbc,noise,2,0.9454094292803971,0.125,,,14.0
MILP1,wdbc,noise,3,0.851948051948052,0.125,,,14.0
MILP1,wdbc,noise,4,0.8931623931623932,0.125,,,14.0
MILP1,wdbc,noise,5,0.8911764705882352,0.125,,,14.0
MILP1,wdbc,noise,6,0.873125,0.125,,,14.0
MILP1,wdbc,noise,7,0.8157894736842105,0.125,,,14.0
MILP1,wdbc,noise,8,0.8746898263027295,0.125,,,14.0
MILP1,wdbc,noise,9,0.9310344827586207,0.125,,,14.0
MILP1,wdbc,noise,10,0.8861111111111111,0.125,,,14.0
MILP1,wdbc,both,1,0.857469512195122,0.125,,,6.0
MILP1,wdbc,both,2,0.8804054054054054,0.125,,,6.0
MILP1,wdbc,both,3,0.9358974358974359,0.125,,,6.0
MILP1,wdbc,both,4,0.7948529411764705,0.125,,,6.0
MILP1,wdbc,both,5,0.8492647058823529,0.125,,,6.0
MILP1,wdbc,both,6,0.7883631713554987,0.125,,,6.0
MILP1,wdbc,both,7,0.9204545454545455,0.125,,,6.0
MILP1,wdbc,both,8,0.8375,0.125,,,6.0
MILP1,wdbc,both,9,0.7806905370843991,0.125,,,6.0
MILP1,wdbc,both,10,0.9187500000000001,0.125,,,6.0
MILP1,sonar,outlier,1,0.7740384615384615,0.125,,,10.0
MILP1,sonar,outlier,2,0.68125,0.125,,,10.0
MILP1,sonar,outlier,3,0.6090909090909091,0.125,,,10.0
MILP1,sonar,outlier,4,0.7451923076923077,0.125,,,10.0
MILP1,sonar,outlier,5,0.6772727272727272,0.125,,,10.0
MILP1,sonar,outlier,6,0.7857142857142858,0.125,,,10.0
MILP1,sonar,outlier,7,0.6590909090909092,0.125,,,10.0
MILP1,sonar,outlier,8,0.5772727272727273,0.125,,,10.0
MILP1,sonar,outlier,9,0.8535353535353535,0.125,,,10.0
MILP1,sonar,outlier,10,0.6666666666666666,0.125,,,10.0
MILP1,sonar,original,1,0.798076923076923,0.125,,,12.0
MILP1,sonar,original,2,0.7211538461538461,0.125,,,12.0
MILP1,sonar,original,3,0.8333333333333334,0.125,,,12.0
MILP1,sonar,original,4,0.8545454545454545,0.125,,,12.0
MILP1,sonar,original,5,0.6318181818181818,0.125,,,12.0
MILP1,sonar,original,6,0.7857142857142858,0.125,,,12.0
MILP1,sonar,original,7,0.8136363636363636,0.125,,,12.0
MILP1,sonar,original,8,0.7222222222222223,0.125,,,12.0
MILP1,sonar,original,9,0.8080808080808081,0.125,,,12.0
MILP1,sonar,original,10,0.625,0.125,,,12.0
MILP1,sonar,noise,1,0.7596153846153846,0.125,,,23.0
MILP1,sonar,noise,2,0.6586538461538461,0.125,,,23.0
MILP1,sonar,noise,3,0.8461538461538461,0.125,,,23.0
MILP1,sonar,noise,4,0.8136363636363637,0.125,,,23.0
MILP1,sonar,noise,5,0.7083333333333333,0.125,,,23.0
MILP1,sonar,noise,6,0.8571428571428572,0.125,,,23.0
MILP1,sonar,noise,7,0.7681818181818181,0.125,,,23.0
MILP1,sonar,noise,8,0.5432692307692307,0.125,,,23.0
MILP1,sonar,noise,9,0.7000000000000001,0.125,,,23.0
MILP1,sonar,noise,10,0.5879120879120879,0.125,,,23.0
MILP1,sonar,both,1,0.6636363636363637,0.125,,,18.0
MILP1,sonar,both,2,0.7142857142857143,0.125,,,18.0
MILP1,sonar,both,3,0.8333333333333334,0.125,,,18.0
MILP1,sonar,both,4,0.8221153846153846,0.125,,,18.0
MILP1,sonar,both,5,0.7727272727272727,0.125,,,18.0
MILP1,sonar,both,6,0.6136363636363636,0.125,,,18.0
MILP1,sonar,both,7,0.7211538461538461,0.125,,,18.0
MILP1,sonar,both,8,0.4318181818181818,0.125,,,18.0
MILP1,sonar,both,9,0.7083333333333334,0.125,,,18.0
MILP1,sonar,both,10,0.5625,0.125,,,18.0
MILP1,ionosphere,outlier,1,0.8235294117647058,0.125,,,11.0
MILP1,ionosphere,outlier,2,0.8690476190476191,0.125,,,11.0
MILP1,ionosphere,outlier,3,0.8333333333333334,0.125,,,11.0
MILP1,ionosphere,outlier,4,0.712171052631579,0.125,,,11.0
MILP1,ionosphere,outlier,5,0.738095238095238,0.125,,,11.0
MILP1,ionosphere,outlier,6,0.76,0.125,,,11.0
MILP1,ionosphere,outlier,7,0.8529411764705882,0.125,,,11.0
MILP1,ionosphere,outlier,8,0.8823529411764706,0.125,,,11.0
MILP1,ionosphere,outlier,9,0.8636363636363636,0.125,,,11.0
MILP1,ionosphere,outlier,10,0.8532608695652174,0.125,,,11.0
MILP1,ionosphere,original,1,0.8666666666666667,0.125,,,2.0
MILP1,ionosphere,original,2,0.9003496503496504,0.125,,,2.0
MILP1,ionosphere,original,3,0.9545454545454545,0.125,,,2.0
MILP1,ionosphere,original,4,0.75,0.125,,,2.0
MILP1,ionosphere,original,5,0.7898550724637682,0.125,,,2.0
MILP1,ionosphere,original,6,0.7393162393162394,0.125,,,2.0
MILP1,ionosphere,original,7,0.84375,0.125,,,2.0
MILP1,ionosphere,original,8,0.9642857142857143,0.125,,,2.0
MILP1,ionosphere,original,9,0.7272727272727273,0.125,,,2.0
MILP1,ionosphere,original,10,0.9090909090909091,0.125,,,2.0
MILP1,ionosphere,noise,1,0.78125,0.125,,,10.0
MILP1,ionosphere,noise,2,0.7083333333333333,0.125,,,10.0
MILP1,ionosphere,noise,3,0.8219696969696969,0.125,,,10.0
MILP1,ionosphere,noise,4,0.7142857142857143,0.125,,,10.0
MILP1,ionosphere,noise,5,0.7556818181818181,0.125,,,10.0
MILP1,ionosphere,noise,6,0.76,0.125,,,10.0
MILP1,ionosphere,noise,7,0.8799342105263157,0.125,,,10.0
MILP1,ionosphere,noise,8,0.9642857142857143,0.125,,,10.0
MILP1,ionosphere,noise,9,0.7282608695652174,0.125,,,10.0
MILP1,ionosphere,noise,10,0.8115942028985508,0.125,,,10.0
MILP1,ionosphere,both,1,0.775,0.125,,,2.0
MILP1,ionosphere,both,2,0.8006993006993007,0.125,,,2.0
MILP1,ionosphere,both,3,0.7749999999999999,0.125,,,2.0
MILP1,ionosphere,both,4,0.6416666666666666,0.125,,,2.0
MILP1,ionosphere,both,5,0.6398026315789473,0.125,,,2.0
MILP1,ionosphere,both,6,0.6699999999999999,0.125,,,2.0
MILP1,ionosphere,both,7,0.775,0.125,,,2.0
MILP1,ionosphere,both,8,0.9333333333333333,0.125,,,2.0
MILP1,ionosphere,both,9,0.6799999999999999,0.125,,,2.0
MILP1,ionosphere,both,10,0.8214285714285714,0.125,,,2.0
MILP1,diabetes,outlier,1,0.7463768115942031,0.125,,,4.0
MILP1,diabetes,outlier,2,0.7371794871794872,0.125,,,4.0
MILP1,diabetes,outlier,3,0.6495614035087719,0.125,,,4.0
MILP1,diabetes,outlier,4,0.7757692307692308,0.125,,,4.0
MILP1,diabetes,outlier,5,0.8064971751412431,0.125,,,4.0
MILP1,diabetes,outlier,6,0.6631205673758864,0.125,,,4.0
MILP1,diabetes,outlier,7,0.7163120567375886,0.125,,,4.0
MILP1,diabetes,outlier,8,0.6753846153846154,0.125,,,4.0
MILP1,diabetes,outlier,9,0.7011784511784511,0.125,,,4.0
MILP1,diabetes,outlier,10,0.732034632034632,0.125,,,4.0
MILP1,diabetes,original,1,0.7559259259259259,0.125,,,4.0
MILP1,diabetes,original,2,0.770408163265306,0.125,,,4.0
MILP1,diabetes,original,3,0.6676923076923078,0.125,,,4.0
MILP1,diabetes,original,4,0.8090909090909092,0.125,,,4.0
MILP1,diabetes,original,5,0.7321428571428571,0.125,,,4.0
MILP1,diabetes,original,6,0.696969696969697,0.125,,,4.0
MILP1,diabetes,original,7,0.862962962962963,0.125,,,4.0
MILP1,diabetes,original,8,0.725877192982456,0.125,,,4.0
MILP1,diabetes,original,9,0.7154121863799283,0.125,,,4.0
MILP1,diabetes,original,10,0.7811791383219955,0.125,,,4.0
MILP1,diabetes,noise,1,0.795990566037736,0.125,,,5.0
MILP1,diabetes,noise,2,0.75,0.125,,,5.0
MILP1,diabetes,noise,3,0.6811594202898551,0.125,,,5.0
MILP1,diabetes,noise,4,0.777122641509434,0.125,,,5.0
MILP1,diabetes,noise,5,0.8090909090909092,0.125,,,5.0
MILP1,diabetes,noise,6,0.7193877551020409,0.125,,,5.0
MILP1,diabetes,noise,7,0.7215277777777778,0.125,,,5.0
MILP1,diabetes,noise,8,0.6525840853158326,0.125,,,5.0
MILP1,diabetes,noise,9,0.6877104377104377,0.125,,,5.0
MILP1,diabetes,noise,10,0.7635294117647058,0.125,,,5.0
MILP1,diabetes,both,1,0.6084615384615384,0.125,,,5.0
MILP1,diabetes,both,2,0.6889140271493213,0.125,,,5.0
MILP1,diabetes,both,3,0.5881578947368421,0.125,,,5.0
MILP1,diabetes,both,4,0.7861538461538462,0.125,,,5.0
MILP1,diabetes,both,5,0.668421052631579,0.125,,,5.0
MILP1,diabetes,both,6,0.6477272727272727,0.125,,,5.0
MILP1,diabetes,both,7,0.6635416666666667,0.125,,,5.0
MILP1,diabetes,both,8,0.6538461538461539,0.125,,,5.0
MILP1,diabetes,both,9,0.6826923076923078,0.125,,,5.0
MILP1,diabetes,both,10,0.7227564102564101,0.125,,,5.0
MILP1,cleveland,outlier,1,0.7393162393162394,0.125,,,7.0
MILP1,cleveland,outlier,2,0.9054621848739496,0.125,,,7.0
MILP1,cleveland,outlier,3,0.7434210526315791,0.125,,,7.0
MILP1,cleveland,outlier,4,0.8229665071770336,0.125,,,7.0
MILP1,cleveland,outlier,5,0.8,0.125,,,7.0
MILP1,cleveland,outlier,6,0.875,0.125,,,7.0
MILP1,cleveland,outlier,7,0.75,0.125,,,7.0
MILP1,cleveland,outlier,8,0.7760180995475114,0.125,,,7.0
MILP1,cleveland,outlier,9,0.738095238095238,0.125,,,7.0
MILP1,cleveland,outlier,10,0.7775119617224882,0.125,,,7.0
MILP1,cleveland,original,1,0.9230769230769231,0.125,,,7.0
MILP1,cleveland,original,2,0.9054621848739496,0.125,,,7.0
MILP1,cleveland,original,3,0.7457264957264957,0.125,,,7.0
MILP1,cleveland,original,4,0.8642533936651584,0.125,,,7.0
MILP1,cleveland,original,5,0.8,0.125,,,7.0
MILP1,cleveland,original,6,0.8947368421052632,0.125,,,7.0
MILP1,cleveland,original,7,0.763888888888889,0.125,,,7.0
MILP1,cleveland,original,8,0.8611111111111112,0.125,,,7.0
MILP1,cleveland,original,9,0.8194444444444443,0.125,,,7.0
MILP1,cleveland,original,10,0.7963800904977375,0.125,,,7.0
MILP1,cleveland,noise,1,0.9337606837606838,0.125,,,4.0
MILP1,cleveland,noise,2,0.7983193277310925,0.125,,,4.0
MILP1,cleveland,noise,3,0.6794871794871796,0.125,,,4.0
MILP1,cleveland,noise,4,0.7963800904977375,0.125,,,4.0
MILP1,cleveland,noise,5,0.8,0.125,,,4.0
MILP1,cleveland,noise,6,0.8947368421052632,0.125,,,4.0
MILP1,cleveland,noise,7,0.7222222222222221,0.125,,,4.0
MILP1,cleveland,noise,8,0.8333333333333333,0.125,,,4.0
MILP1,cleveland,noise,9,0.7916666666666667,0.125,,,4.0
MILP1,cleveland,noise,10,0.8257918552036198,0.125,,,4.0
MILP1,cleveland,both,1,0.7100840336134453,0.125,,,11.0
MILP1,cleveland,both,2,0.8309523809523808,0.125,,,11.0
MILP1,cleveland,both,3,0.6428571428571428,0.125,,,11.0
MILP1,cleveland,both,4,0.75,0.125,,,11.0
MILP1,cleveland,both,5,0.6944444444444443,0.125,,,11.0
MILP1,cleveland,both,6,0.7083333333333335,0.125,,,11.0
MILP1,cleveland,both,7,0.8492822966507176,0.125,,,11.0
MILP1,cleveland,both,8,0.8055555555555555,0.125,,,11.0
MILP1,cleveland,both,9,0.6931818181818181,0.125,,,11.0
MILP1,cleveland,both,10,0.7083333333333334,0.125,,,11.0
L2SVM,wdbc,outlier,1,0.9321646341463415,0.125,,,
L2SVM,wdbc,outlier,2,0.9027777777777778,0.125,,,
L2SVM,wdbc,outlier,3,0.9268292682926829,0.125,,,
L2SVM,wdbc,outlier,4,0.9534883720930233,0.125,,,
L2SVM,wdbc,outlier,5,0.9321646341463415,0.125,,,
L2SVM,wdbc,outlier,6,0.869047619047619,0.125,,,
L2SVM,wdbc,outlier,7,0.930952380952381,0.125,,,
L2SVM,wdbc,outlier,8,0.984375,0.125,,,
L2SVM,wdbc,outlier,9,0.825974025974026,0.125,,,
L2SVM,wdbc,outlier,10,0.9736842105263158,0.125,,,
L2SVM,wdbc,original,1,0.9580882352941176,2.0,,,
L2SVM,wdbc,original,2,0.9838709677419355,2.0,,,
L2SVM,wdbc,original,3,1.0,2.0,,,
L2SVM,wdbc,original,4,0.9874999999999999,2.0,,,
L2SVM,wdbc,original,5,0.9722222222222222,2.0,,,
L2SVM,wdbc,original,6,0.944375,2.0,,,
L2SVM,wdbc,original,7,1.0,2.0,,,
L2SVM,wdbc,original,8,1.0,2.0,,,
L2SVM,wdbc,original,9,0.962962962962963,2.0,,,
L2SVM,wdbc,original,10,0.9338549075391182,2.0,,,
L2SVM,wdbc,noise,1,0.9038461538461539,0.25,,,
L2SVM,wdbc,noise,2,0.9454094292803971,0.25,,,
L2SVM,wdbc,noise,3,0.851948051948052,0.25,,,
L2SVM,wdbc,noise,4,0.8931623931623932,0.25,,,
L2SVM,wdbc,noise,5,0.8911764705882352,0.25,,,
L2SVM,wdbc,noise,6,0.873125,0.25,,,
L2SVM,wdbc,noise,7,0.8157894736842105,0.25,,,
L2SVM,wdbc,noise,8,0.8746898263027295,0.25,,,
L2SVM,wdbc,noise,9,0.9310344827586207,0.25,,,
L2SVM,wdbc,noise,10,0.9111111111111111,0.25,,,
L2SVM,wdbc,both,1,0.857469512195122,0.125,,,
L2SVM,wdbc,both,2,0.8804054054054054,0.125,,,
L2SVM,wdbc,both,3,0.9358974358974359,0.125,,,
L2SVM,wdbc,both,4,0.7948529411764705,0.125,,,
L2SVM,wdbc,both,5,0.8492647058823529,0.125,,,
L2SVM,wdbc,both,6,0.7883631713554987,0.125,,,
L2SVM,wdbc,both,7,0.8819930069930071,0.125,,,
L2SVM,wdbc,both,8,0.801875,0.125,,,
L2SVM,wdbc,both,9,0.8535805626598466,0.125,,,
L2SVM,wdbc,both,10,0.9187500000000001,0.125,,,
L2SVM,sonar,outlier,1,0.7355769230769231,4.0,,,
L2SVM,sonar,outlier,2,0.61875,4.0,,,
L2SVM,sonar,outlier,3,0.6090909090909091,4.0,,,
L2SVM,sonar,outlier,4,0.7836538461538461,4.0,,,
L2SVM,sonar,outlier,5,0.6318181818181818,4.0,,,
L2SVM,sonar,outlier,6,0.7857142857142858,4.0,,,
L2SVM,sonar,outlier,7,0.6090909090909091,4.0,,,
L2SVM,sonar,outlier,8,0.6227272727272727,4.0,,,
L2SVM,sonar,outlier,9,0.8080808080808081,4.0,,,
L2SVM,sonar,outlier,10,0.6458333333333333,4.0,,,
L2SVM,sonar,original,1,0.8605769230769231,4.0,,,
L2SVM,sonar,original,2,0.6826923076923077,4.0,,,
L2SVM,sonar,original,3,0.875,4.0,,,
L2SVM,sonar,original,4,0.8090909090909091,4.0,,,
L2SVM,sonar,original,5,0.6318181818181818,4.0,,,
L2SVM,sonar,original,6,0.8214285714285714,4.0,,,
L2SVM,sonar,original,7,0.8136363636363636,4.0,,,
L2SVM,sonar,original,8,0.6388888888888888,4.0,,,
L2SVM,sonar,original,9,0.8080808080808081,4.0,,,
L2SVM,sonar,original,10,0.625,4.0,,,
L2SVM,sonar,noise,1,0.7596153846153846,16.0,,,
L2SVM,sonar,noise,2,0.6586538461538461,16.0,,,
L2SVM,sonar,noise,3,0.8461538461538461,16.0,,,
L2SVM,sonar,noise,4,0.8136363636363637,16.0,,,
L2SVM,sonar,noise,5,0.7083333333333333,16.0,,,
L2SVM,sonar,noise,6,0.8571428571428572,16.0,,,
L2SVM,sonar,noise,7,0.7681818181818181,16.0,,,
L2SVM,sonar,noise,8,0.5432692307692307,16.0,,,
L2SVM,sonar,noise,9,0.7000000000000001,16.0,,,
L2SVM,sonar,noise,10,0.5879120879120879,16.0,,,
L2SVM,sonar,both,1,0.6590909090909092,1.0,,,
L2SVM,sonar,both,2,0.7142857142857143,1.0,,,
L2SVM,sonar,both,3,0.7083333333333333,1.0,,,
L2SVM,sonar,both,4,0.8461538461538461,1.0,,,
L2SVM,sonar,both,5,0.7727272727272727,1.0,,,
L2SVM,sonar,both,6,0.6090909090909091,1.0,,,
L2SVM,sonar,both,7,0.7211538461538461,1.0,,,
L2SVM,sonar,both,8,0.4818181818181818,1.0,,,
L2SVM,sonar,both,9,0.75,1.0,,,
L2SVM,sonar,both,10,0.5625,1.0,,,
L2SVM,ionosphere,outlier,1,0.7941176470588236,0.25,,,
L2SVM,ionosphere,outlier,2,0.8095238095238095,0.25,,,
L2SVM,ionosphere,outlier,3,0.8333333333333334,0.25,,,
L2SVM,ionosphere,outlier,4,0.712171052631579,0.25,,,
L2SVM,ionosphere,outlier,5,0.738095238095238,0.25,,,
L2SVM,ionosphere,outlier,6,0.76,0.25,,,
L2SVM,ionosphere,outlier,7,0.8529411764705882,0.25,,,
L2SVM,ionosphere,outlier,8,0.8823529411764706,0.25,,,
L2SVM,ionosphere,outlier,9,0.8636363636363636,0.25,,,
L2SVM,ionosphere,outlier,10,0.8532608695652174,0.25,,,
L2SVM,ionosphere,original,1,0.8666666666666667,0.125,,,
L2SVM,ionosphere,original,2,0.8076923076923077,0.125,,,
L2SVM,ionosphere,original,3,0.9337121212121212,0.125,,,
L2SVM,ionosphere,original,4,0.7261904761904762,0.125,,,
L2SVM,ionosphere,original,5,0.8115942028985508,0.125,,,
L2SVM,ionosphere,original,6,0.7756410256410258,0.125,,,
L2SVM,ionosphere,original,7,0.90625,0.125,,,
L2SVM,ionosphere,original,8,0.9642857142857143,0.125,,,
L2SVM,ionosphere,original,9,0.8636363636363636,0.125,,,
L2SVM,ionosphere,original,10,0.8882575757575758,0.125,,,
L2SVM,ionosphere,noise,1,0.75,0.25,,,
L2SVM,ionosphere,noise,2,0.7416666666666667,0.25,,,
L2SVM,ionosphere,noise,3,0.8219696969696969,0.25,,,
L2SVM,ionosphere,noise,4,0.6904761904761905,0.25,,,
L2SVM,ionosphere,noise,5,0.7556818181818181,0.25,,,
L2SVM,ionosphere,noise,6,0.76,0.25,,,
L2SVM,ionosphere,noise,7,0.875,0.25,,,
L2SVM,ionosphere,noise,8,0.9642857142857143,0.25,,,
L2SVM,ionosphere,noise,9,0.8532608695652174,0.25,,,
L2SVM,ionosphere,noise,10,0.8115942028985508,0.25,,,
L2SVM,ionosphere,both,1,0.75,0.25,,,
L2SVM,ionosphere,both,2,0.7395104895104896,0.25,,,
L2SVM,ionosphere,both,3,0.75,0.25,,,
L2SVM,ionosphere,both,4,0.5416666666666667,0.25,,,
L2SVM,ionosphere,both,5,0.6398026315789473,0.25,,,
L2SVM,ionosphere,both,6,0.72,0.25,,,
L2SVM,ionosphere,both,7,0.7666666666666666,0.25,,,
L2SVM,ionosphere,both,8,0.9,0.25,,,
L2SVM,ionosphere,both,9,0.76,0.25,,,
L2SVM,ionosphere,both,10,0.7619047619047619,0.25,,,
L2SVM,diabetes,outlier,1,0.7556360708534622,0.125,,,
L2SVM,diabetes,outlier,2,0.717948717948718,0.125,,,
L2SVM,diabetes,outlier,3,0.6232456140350877,0.125,,,
L2SVM,diabetes,outlier,4,0.7957692307692308,0.125,,,
L2SVM,diabetes,outlier,5,0.7617702448210922,0.125,,,
L2SVM,diabetes,outlier,6,0.679787234042553,0.125,,,
L2SVM,diabetes,outlier,7,0.6950354609929077,0.125,,,
L2SVM,diabetes,outlier,8,0.7038461538461538,0.125,,,
L2SVM,diabetes,outlier,9,0.6557239057239057,0.125,,,
L2SVM,diabetes,outlier,10,0.7467532467532467,0.125,,,
L2SVM,diabetes,original,1,0.6974074074074075,0.25,,,
L2SVM,diabetes,original,2,0.7321428571428571,0.25,,,
L2SVM,diabetes,original,3,0.6676923076923078,0.25,,,
L2SVM,diabetes,original,4,0.8090909090909092,0.25,,,
L2SVM,diabetes,original,5,0.75,0.25,,,
L2SVM,diabetes,original,6,0.6856060606060607,0.25,,,
L2SVM,diabetes,original,7,0.862962962962963,0.25,,,
L2SVM,diabetes,original,8,0.725877192982456,0.25,,,
L2SVM,diabetes,original,9,0.742652329749104,0.25,,,
L2SVM,diabetes,original,10,0.77286470143613,0.25,,,
L2SVM,diabetes,noise,1,0.795990566037736,0.5,,,
L2SVM,diabetes,noise,2,0.7397959183673468,0.5,,,
L2SVM,diabetes,noise,3,0.7121578099838969,0.5,,,
L2SVM,diabetes,noise,4,0.777122641509434,0.5,,,
L2SVM,diabetes,noise,5,0.8181818181818181,0.5,,,
L2SVM,diabetes,noise,6,0.7193877551020409,0.5,,,
L2SVM,diabetes,noise,7,0.7215277777777778,0.5,,,
L2SVM,diabetes,noise,8,0.6525840853158326,0.5,,,
L2SVM,diabetes,noise,9,0.6877104377104377,0.5,,,
L2SVM,diabetes,noise,10,0.7635294117647058,0.5,,,
L2SVM,diabetes,both,1,0.6084615384615384,1.0,,,
L2SVM,diabetes,both,2,0.6791101055806938,1.0,,,
L2SVM,diabetes,both,3,0.5793859649122807,1.0,,,
L2SVM,diabetes,both,4,0.7661538461538461,1.0,,,
L2SVM,diabetes,both,5,0.6934210526315789,1.0,,,
L2SVM,diabetes,both,6,0.6477272727272727,1.0,,,
L2SVM,diabetes,both,7,0.6791666666666668,1.0,,,
L2SVM,diabetes,both,8,0.6634615384615384,1.0,,,
L2SVM,diabetes,both,9,0.6826923076923078,1.0,,,
L2SVM,diabetes,both,10,0.7131410256410255,1.0,,,
L2SVM,cleveland,outlier,1,0.7777777777777778,0.125,,,
L2SVM,cleveland,outlier,2,0.9054621848739496,0.125,,,
L2SVM,cleveland,outlier,3,0.7434210526315791,0.125,,,
L2SVM,cleveland,outlier,4,0.8229665071770336,0.125,,,
L2SVM,cleveland,outlier,5,0.8,0.125,,,
L2SVM,cleveland,outlier,6,0.875,0.125,,,
L2SVM,cleveland,outlier,7,0.7361111111111112,0.125,,,
L2SVM,cleveland,outlier,8,0.7760180995475114,0.125,,,
L2SVM,cleveland,outlier,9,0.738095238095238,0.125,,,
L2SVM,cleveland,outlier,10,0.7775119617224882,0.125,,,
L2SVM,cleveland,original,1,0.8846153846153846,0.125,,,
L2SVM,cleveland,original,2,0.8991596638655462,0.125,,,
L2SVM,cleveland,original,3,0.7457264957264957,0.125,,,
L2SVM,cleveland,original,4,0.8642533936651584,0.125,,,
L2SVM,cleveland,original,5,0.8,0.125,,,
L2SVM,cleveland,original,6,0.8947368421052632,0.125,,,
L2SVM,cleveland,original,7,0.7361111111111112,0.125,,,
L2SVM,cleveland,original,8,0.8611111111111112,0.125,,,
L2SVM,cleveland,original,9,0.8472222222222222,0.125,,,
L2SVM,cleveland,original,10,0.8348416289592759,0.125,,,
L2SVM,cleveland,noise,1,0.8290598290598289,0.25,,,
L2SVM,cleveland,noise,2,0.8046218487394957,0.25,,,
L2SVM,cleveland,noise,3,0.6794871794871796,0.25,,,
L2SVM,cleveland,noise,4,0.8257918552036198,0.25,,,
L2SVM,cleveland,noise,5,0.7666666666666667,0.25,,,
L2SVM,cleveland,noise,6,0.868421052631579,0.25,,,
L2SVM,cleveland,noise,7,0.6666666666666666,0.25,,,
L2SVM,cleveland,noise,8,0.8055555555555556,0.25,,,
L2SVM,cleveland,noise,9,0.8055555555555555,0.25,,,
L2SVM,cleveland,noise,10,0.7963800904977375,0.25,,,
L2SVM,cleveland,both,1,0.7100840336134453,0.5,,,
L2SVM,cleveland,both,2,0.8309523809523808,0.5,,,
L2SVM,cleveland,both,3,0.6071428571428572,0.5,,,
L2SVM,cleveland,both,4,0.75,0.5,,,
L2SVM,cleveland,both,5,0.6944444444444443,0.5,,,
L2SVM,cleveland,both,6,0.7083333333333335,0.5,,,
L2SVM,cleveland,both,7,0.8492822966507176,0.5,,,
L2SVM,cleveland,both,8,0.8055555555555555,0.5,,,
L2SVM,cleveland,both,9,0.6931818181818181,0.5,,,
L2SVM,cleveland,both,10,0.7083333333333334,0.5,,,
L1SVM,wdbc,outlier,1,0.9321646341463415,0.25,,,
L1SVM,wdbc,outlier,2,0.9166666666666667,0.25,,,
L1SVM,wdbc,outlier,3,0.9268292682926829,0.25,,,
L1SVM,wdbc,outlier,4,0.9534883720930233,0.25,,,
L1SVM,wdbc,outlier,5,0.9321646341463415,0.25,,,
L1SVM,wdbc,outlier,6,0.8829365079365079,0.25,,,
L1SVM,wdbc,outlier,7,0.9095238095238095,0.25,,,
L1SVM,wdbc,outlier,8,0.984375,0.25,,,
L1SVM,wdbc,outlier,9,0.8545454545454546,0.25,,,
L1SVM,wdbc,outlier,10,0.9736842105263158,0.25,,,
L1SVM,wdbc,original,1,0.9580882352941176,2.0,,,
L1SVM,wdbc,original,2,0.9838709677419355,2.0,,,
L1SVM,wdbc,original,3,0.9864864864864865,2.0,,,
L1SVM,wdbc,original,4,0.9874999999999999,2.0,,,
L1SVM,wdbc,original,5,0.9722222222222222,2.0,,,
L1SVM,wdbc,original,6,0.944375,2.0,,,
L1SVM,wdbc,original,7,1.0,2.0,,,
L1SVM,wdbc,original,8,1.0,2.0,,,
L1SVM,wdbc,original,9,0.962962962962963,2.0,,,
L1SVM,wdbc,original,10,0.9338549075391182,2.0,,,
L1SVM,wdbc,noise,1,0.9038461538461539,16.0,,,
L1SVM,wdbc,noise,2,0.9454094292803971,16.0,,,
L1SVM,wdbc,noise,3,0.851948051948052,16.0,,,
L1SVM,wdbc,noise,4,0.8931623931623932,16.0,,,
L1SVM,wdbc,noise,5,0.8911764705882352,16.0,,,
L1SVM,wdbc,noise,6,0.873125,16.0,,,
L1SVM,wdbc,noise,7,0.8157894736842105,16.0,,,
L1SVM,wdbc,noise,8,0.8746898263027295,16.0,,,
L1SVM,wdbc,noise,9,0.9310344827586207,16.0,,,
L1SVM,wdbc,noise,10,0.8861111111111111,16.0,,,
L1SVM,wdbc,both,1,0.8696646341463414,0.125,,,
L1SVM,wdbc,both,2,0.8804054054054054,0.125,,,
L1SVM,wdbc,both,3,0.9615384615384616,0.125,,,
L1SVM,wdbc,both,4,0.7948529411764705,0.125,,,
L1SVM,wdbc,both,5,0.8367647058823529,0.125,,,
L1SVM,wdbc,both,6,0.7736572890025575,0.125,,,
L1SVM,wdbc,both,7,0.9204545454545455,0.125,,,
L1SVM,wdbc,both,8,0.8175,0.125,,,
L1SVM,wdbc,both,9,0.8318414322250639,0.125,,,
L1SVM,wdbc,both,10,0.9187500000000001,0.125,,,
L1SVM,sonar,outlier,1,0.7740384615384615,0.125,,,
L1SVM,sonar,outlier,2,0.68125,0.125,,,
L1SVM,sonar,outlier,3,0.5590909090909092,0.125,,,
L1SVM,sonar,outlier,4,0.7836538461538461,0.125,,,
L1SVM,sonar,outlier,5,0.7272727272727273,0.125,,,
L1SVM,sonar,outlier,6,0.7142857142857143,0.125,,,
L1SVM,sonar,outlier,7,0.6590909090909092,0.125,,,
L1SVM,sonar,outlier,8,0.6318181818181818,0.125,,,
L1SVM,sonar,outlier,9,0.8434343434343434,0.125,,,
L1SVM,sonar,outlier,10,0.6458333333333333,0.125,,,
L1SVM,sonar,original,1,0.8365384615384616,0.125,,,
L1SVM,sonar,original,2,0.7596153846153846,0.125,,,
L1SVM,sonar,original,3,0.7777777777777778,0.125,,,
L1SVM,sonar,original,4,0.8090909090909091,0.125,,,
L1SVM,sonar,original,5,0.7272727272727273,0.125,,,
L1SVM,sonar,original,6,0.8214285714285715,0.125,,,
L1SVM,sonar,original,7,0.8136363636363636,0.125,,,
L1SVM,sonar,original,8,0.6388888888888888,0.125,,,
L1SVM,sonar,original,9,0.8080808080808081,0.125,,,
L1SVM,sonar,original,10,0.6041666666666667,0.125,,,
L1SVM,sonar,noise,1,0.6971153846153847,1.0,,,
L1SVM,sonar,noise,2,0.6201923076923077,1.0,,,
L1SVM,sonar,noise,3,0.8461538461538461,1.0,,,
L1SVM,sonar,noise,4,0.8590909090909091,1.0,,,
L1SVM,sonar,noise,5,0.7083333333333333,1.0,,,
L1SVM,sonar,noise,6,0.8571428571428572,1.0,,,
L1SVM,sonar,noise,7,0.7681818181818181,1.0,,,
L1SVM,sonar,noise,8,0.5432692307692307,1.0,,,
L1SVM,sonar,noise,9,0.7,1.0,,,
L1SVM,sonar,noise,10,0.5879120879120879,1.0,,,
L1SVM,sonar,both,1,0.6136363636363636,1.0,,,
L1SVM,sonar,both,2,0.7857142857142858,1.0,,,
L1SVM,sonar,both,3,0.7083333333333333,1.0,,,
L1SVM,sonar,both,4,0.8461538461538461,1.0,,,
L1SVM,sonar,both,5,0.7272727272727273,1.0,,,
L1SVM,sonar,both,6,0.6545454545454545,1.0,,,
L1SVM,sonar,both,7,0.5961538461538461,1.0,,,
L1SVM,sonar,both,8,0.4818181818181818,1.0,,,
L1SVM,sonar,both,9,0.75,1.0,,,
L1SVM,sonar,both,10,0.5625,1.0,,,
L1SVM,ionosphere,outlier,1,0.7941176470588236,0.5,,,
L1SVM,ionosphere,outlier,2,0.8452380952380951,0.5,,,
L1SVM,ionosphere,outlier,3,0.8333333333333334,0.5,,,
L1SVM,ionosphere,outlier,4,0.7072368421052632,0.5,,,
L1SVM,ionosphere,outlier,5,0.738095238095238,0.5,,,
L1SVM,ionosphere,outlier,6,0.76,0.5,,,
L1SVM,ionosphere,outlier,7,0.8235294117647058,0.5,,,
L1SVM,ionosphere,outlier,8,0.8823529411764706,0.5,,,
L1SVM,ionosphere,outlier,9,0.8636363636363636,0.5,,,
L1SVM,ionosphere,outlier,10,0.8532608695652174,0.5,,,
L1SVM,ionosphere,original,1,0.8666666666666667,0.25,,,
L1SVM,ionosphere,original,2,0.8076923076923077,0.25,,,
L1SVM,ionosphere,original,3,0.8882575757575758,0.25,,,
L1SVM,ionosphere,original,4,0.7857142857142858,0.25,,,
L1SVM,ionosphere,original,5,0.8115942028985508,0.25,,,
L1SVM,ionosphere,original,6,0.7756410256410258,0.25,,,
L1SVM,ionosphere,original,7,0.84375,0.25,,,
L1SVM,ionosphere,original,8,0.9642857142857143,0.25,,,
L1SVM,ionosphere,original,9,0.8636363636363636,0.25,,,
L1SVM,ionosphere,original,10,0.8882575757575758,0.25,,,
L1SVM,ionosphere,noise,1,0.75,1.0,,,
L1SVM,ionosphere,noise,2,0.7416666666666667,1.0,,,
L1SVM,ionosphere,noise,3,0.8219696969696969,1.0,,,
L1SVM,ionosphere,noise,4,0.6904761904761905,1.0,,,
L1SVM,ionosphere,noise,5,0.7556818181818181,1.0,,,
L1SVM,ionosphere,noise,6,0.76,1.0,,,
L1SVM,ionosphere,noise,7,0.875,1.0,,,
L1SVM,ionosphere,noise,8,0.9642857142857143,1.0,,,
L1SVM,ionosphere,noise,9,0.8115942028985508,1.0,,,
L1SVM,ionosphere,noise,10,0.8115942028985508,1.0,,,
L1SVM,ionosphere,both,1,0.75,2.0,,,
L1SVM,ionosphere,both,2,0.701048951048951,2.0,,,
L1SVM,ionosphere,both,3,0.75,2.0,,,
L1SVM,ionosphere,both,4,0.5416666666666667,2.0,,,
L1SVM,ionosphere,both,5,0.6398026315789473,2.0,,,
L1SVM,ionosphere,both,6,0.72,2.0,,,
L1SVM,ionosphere,both,7,0.7666666666666666,2.0,,,
L1SVM,ionosphere,both,8,0.9,2.0,,,
L1SVM,ionosphere,both,9,0.76,2.0,,,
L1SVM,ionosphere,both,10,0.7619047619047619,2.0,,,
L1SVM,diabetes,outlier,1,0.7556360708534622,0.25,,,
L1SVM,diabetes,outlier,2,0.717948717948718,0.25,,,
L1SVM,diabetes,outlier,3,0.6232456140350877,0.25,,,
L1SVM,diabetes,outlier,4,0.7861538461538462,0.25,,,
L1SVM,diabetes,outlier,5,0.7617702448210922,0.25,,,
L1SVM,diabetes,outlier,6,0.679787234042553,0.25,,,
L1SVM,diabetes,outlier,7,0.6950354609929077,0.25,,,
L1SVM,diabetes,outlier,8,0.6653846153846155,0.25,,,
L1SVM,diabetes,outlier,9,0.6557239057239057,0.25,,,
L1SVM,diabetes,outlier,10,0.7467532467532467,0.25,,,
L1SVM,diabetes,original,1,0.6974074074074075,8.0,,,
L1SVM,diabetes,original,2,0.7423469387755102,8.0,,,
L1SVM,diabetes,original,3,0.6676923076923078,8.0,,,
L1SVM,diabetes,original,4,0.831818181818182,8.0,,,
L1SVM,diabetes,original,5,0.7321428571428571,8.0,,,
L1SVM,diabetes,original,6,0.6856060606060607,8.0,,,
L1SVM,diabetes,original,7,0.8444444444444444,8.0,,,
L1SVM,diabetes,original,8,0.7171052631578948,8.0,,,
L1SVM,diabetes,original,9,0.7265232974910394,8.0,,,
L1SVM,diabetes,original,10,0.77286470143613,8.0,,,
L1SVM,diabetes,noise,1,0.795990566037736,0.5,,,
L1SVM,diabetes,noise,2,0.75,0.5,,,
L1SVM,diabetes,noise,3,0.6811594202898551,0.5,,,
L1SVM,diabetes,noise,4,0.777122641509434,0.5,,,
L1SVM,diabetes,noise,5,0.8090909090909092,0.5,,,
L1SVM,diabetes,noise,6,0.7193877551020409,0.5,,,
L1SVM,diabetes,noise,7,0.7215277777777778,0.5,,,
L1SVM,diabetes,noise,8,0.6620180475799835,0.5,,,
L1SVM,diabetes,noise,9,0.6877104377104377,0.5,,,
L1SVM,diabetes,noise,10,0.7635294117647058,0.5,,,
L1SVM,diabetes,both,1,0.6380769230769232,0.125,,,
L1SVM,diabetes,both,2,0.6889140271493213,0.125,,,
L1SVM,diabetes,both,3,0.5881578947368421,0.125,,,
L1SVM,diabetes,both,4,0.7661538461538461,0.125,,,
L1SVM,diabetes,both,5,0.7021929824561404,0.125,,,
L1SVM,diabetes,both,6,0.6477272727272727,0.125,,,
L1SVM,diabetes,both,7,0.6635416666666667,0.125,,,
L1SVM,diabetes,both,8,0.6538461538461539,0.125,,,
L1SVM,diabetes,both,9,0.6618589743589745,0.125,,,
L1SVM,diabetes,both,10,0.7227564102564101,0.125,,,
L1SVM,cleveland,outlier,1,0.7393162393162394,1.0,,,
L1SVM,cleveland,outlier,2,0.9054621848739496,1.0,,,
L1SVM,cleveland,outlier,3,0.7434210526315791,1.0,,,
L1SVM,cleveland,outlier,4,0.8229665071770336,1.0,,,
L1SVM,cleveland,outlier,5,0.8,1.0,,,
L1SVM,cleveland,outlier,6,0.875,1.0,,,
L1SVM,cleveland,outlier,7,0.7361111111111112,1.0,,,
L1SVM,cleveland,outlier,8,0.7760180995475114,1.0,,,
L1SVM,cleveland,outlier,9,0.738095238095238,1.0,,,
L1SVM,cleveland,outlier,10,0.7775119617224882,1.0,,,
L1SVM,cleveland,original,1,0.8568376068376067,0.125,,,
L1SVM,cleveland,original,2,0.9054621848739496,0.125,,,
L1SVM,cleveland,original,3,0.7457264957264957,0.125,,,
L1SVM,cleveland,original,4,0.9027149321266968,0.125,,,
L1SVM,cleveland,original,5,0.8,0.125,,,
L1SVM,cleveland,original,6,0.8947368421052632,0.125,,,
L1SVM,cleveland,original,7,0.7361111111111112,0.125,,,
L1SVM,cleveland,original,8,0.8611111111111112,0.125,,,
L1SVM,cleveland,original,9,0.8472222222222222,0.125,,,
L1SVM,cleveland,original,10,0.8348416289592759,0.125,,,
L1SVM,cleveland,noise,1,0.8290598290598289,1.0,,,
L1SVM,cleveland,noise,2,0.8046218487394957,1.0,,,
L1SVM,cleveland,noise,3,0.6794871794871796,1.0,,,
L1SVM,cleveland,noise,4,0.8257918552036198,1.0,,,
L1SVM,cleveland,noise,5,0.7666666666666667,1.0,,,
L1SVM,cleveland,noise,6,0.868421052631579,1.0,,,
L1SVM,cleveland,noise,7,0.6666666666666666,1.0,,,
L1SVM,cleveland,noise,8,0.8055555555555556,1.0,,,
L1SVM,cleveland,noise,9,0.8055555555555555,1.0,,,
L1SVM,cleveland,noise,10,0.7963800904977375,1.0,,,
L1SVM,cleveland,both,1,0.7100840336134453,2.0,,,
L1SVM,cleveland,both,2,0.8309523809523808,2.0,,,
L1SVM,cleveland,both,3,0.6071428571428572,2.0,,,
L1SVM,cleveland,both,4,0.75,2.0,,,
L1SVM,cleveland,both,5,0.6944444444444443,2.0,,,
L1SVM,cleveland,both,6,0.7083333333333335,2.0,,,
L1SVM,cleveland,both,7,0.8492822966507176,2.0,,,
L1SVM,cleveland,both,8,0.8055555555555555,2.0,,,
L1SVM,cleveland,both,9,0.715909090909091,2.0,,,
L1SVM,cleveland,both,10,0.7083333333333334,2.0,,,
FisherSVM,wdbc,outlier,1,0.9321646341463415,0.125,,,
FisherSVM,wdbc,outlier,2,0.9166666666666667,0.125,,,
FisherSVM,wdbc,outlier,3,0.9146341463414633,0.125,,,
FisherSVM,wdbc,outlier,4,0.9534883720930233,0.125,,,
FisherSVM,wdbc,outlier,5,0.9321646341463415,0.125,,,
FisherSVM,wdbc,outlier,6,0.8968253968253967,0.125,,,
FisherSVM,wdbc,outlier,7,0.8976190476190476,0.125,,,
FisherSVM,wdbc,outlier,8,0.984375,0.125,,,
FisherSVM,wdbc,outlier,9,0.825974025974026,0.125,,,
FisherSVM,wdbc,outlier,10,0.9736842105263158,0.125,,,
FisherSVM,wdbc,original,1,0.9705882352941176,4.0,,,
FisherSVM,wdbc,original,2,0.9838709677419355,4.0,,,
FisherSVM,wdbc,original,3,0.9864864864864865,4.0,,,
FisherSVM,wdbc,original,4,0.9874999999999999,4.0,,,
FisherSVM,wdbc,original,5,0.9444444444444444,4.0,,,
FisherSVM,wdbc,original,6,0.944375,4.0,,,
FisherSVM,wdbc,original,7,1.0,4.0,,,
FisherSVM,wdbc,original,8,1.0,4.0,,,
FisherSVM,wdbc,original,9,0.9462962962962963,4.0,,,
FisherSVM,wdbc,original,10,0.9338549075391182,4.0,,,
FisherSVM,wdbc,noise,1,0.9038461538461539,4.0,,,
FisherSVM,wdbc,noise,2,0.9454094292803971,4.0,,,
FisherSVM,wdbc,noise,3,0.851948051948052,4.0,,,
FisherSVM,wdbc,noise,4,0.905982905982906,4.0,,,
FisherSVM,wdbc,noise,5,0.8911764705882352,4.0,,,
FisherSVM,wdbc,noise,6,0.873125,4.0,,,
FisherSVM,wdbc,noise,7,0.8157894736842105,4.0,,,
FisherSVM,wdbc,noise,8,0.8554590570719602,4.0,,,
FisherSVM,wdbc,noise,9,0.9131773399014779,4.0,,,
FisherSVM,wdbc,noise,10,0.8861111111111111,4.0,,,
FisherSVM,wdbc,both,1,0.857469512195122,4.0,,,
FisherSVM,wdbc,both,2,0.8804054054054054,4.0,,,
FisherSVM,wdbc,both,3,0.9358974358974359,4.0,,,
FisherSVM,wdbc,both,4,0.7948529411764705,4.0,,,
FisherSVM,wdbc,both,5,0.8536764705882351,4.0,,,
FisherSVM,wdbc,both,6,0.8030690537084398,4.0,,,
FisherSVM,wdbc,both,7,0.8819930069930071,4.0,,,
FisherSVM,wdbc,both,8,0.815,4.0,,,
FisherSVM,wdbc,both,9,0.8101023017902814,4.0,,,
FisherSVM,wdbc,both,10,0.8875,4.0,,,
FisherSVM,sonar,outlier,1,0.7740384615384615,0.125,,,
FisherSVM,sonar,outlier,2,0.6125,0.125,,,
FisherSVM,sonar,outlier,3,0.5590909090909092,0.125,,,
FisherSVM,sonar,outlier,4,0.7836538461538461,0.125,,,
FisherSVM,sonar,outlier,5,0.7272727272727273,0.125,,,
FisherSVM,sonar,outlier,6,0.7857142857142858,0.125,,,
FisherSVM,sonar,outlier,7,0.6590909090909092,0.125,,,
FisherSVM,sonar,outlier,8,0.5409090909090909,0.125,,,
FisherSVM,sonar,outlier,9,0.8434343434343434,0.125,,,
FisherSVM,sonar,outlier,10,0.6458333333333333,0.125,,,
FisherSVM,sonar,original,1,0.8605769230769231,8.0,,,
FisherSVM,sonar,original,2,0.7596153846153846,8.0,,,
FisherSVM,sonar,original,3,0.7777777777777778,8.0,,,
FisherSVM,sonar,original,4,0.7636363636363637,8.0,,,
FisherSVM,sonar,original,5,0.6818181818181819,8.0,,,
FisherSVM,sonar,original,6,0.8928571428571428,8.0,,,
FisherSVM,sonar,original,7,0.7681818181818181,8.0,,,
FisherSVM,sonar,original,8,0.5972222222222221,8.0,,,
FisherSVM,sonar,original,9,0.8080808080808081,8.0,,,
FisherSVM,sonar,original,10,0.5625,8.0,,,
FisherSVM,sonar,noise,1,0.8605769230769231,0.25,,,
FisherSVM,sonar,noise,2,0.7211538461538461,0.25,,,
FisherSVM,sonar,noise,3,0.8076923076923077,0.25,,,
FisherSVM,sonar,noise,4,0.7636363636363637,0.25,,,
FisherSVM,sonar,noise,5,0.625,0.25,,,
FisherSVM,sonar,noise,6,0.7857142857142858,0.25,,,
FisherSVM,sonar,noise,7,0.8136363636363636,0.25,,,
FisherSVM,sonar,noise,8,0.5673076923076923,0.25,,,
FisherSVM,sonar,noise,9,0.7,0.25,,,
FisherSVM,sonar,noise,10,0.6648351648351649,0.25,,,
FisherSVM,sonar,both,1,0.6590909090909092,0.25,,,
FisherSVM,sonar,both,2,0.7142857142857143,0.25,,,
FisherSVM,sonar,both,3,0.7083333333333333,0.25,,,
FisherSVM,sonar,both,4,0.8221153846153846,0.25,,,
FisherSVM,sonar,both,5,0.7681818181818181,0.25,,,
FisherSVM,sonar,both,6,0.6045454545454546,0.25,,,
FisherSVM,sonar,both,7,0.5961538461538461,0.25,,,
FisherSVM,sonar,both,8,0.6318181818181818,0.25,,,
FisherSVM,sonar,both,9,0.7291666666666667,0.25,,,
FisherSVM,sonar,both,10,0.6458333333333333,0.25,,,
FisherSVM,ionosphere,outlier,1,0.7941176470588236,0.5,,,
FisherSVM,ionosphere,outlier,2,0.8333333333333333,0.5,,,
FisherSVM,ionosphere,outlier,3,0.8,0.5,,,
FisherSVM,ionosphere,outlier,4,0.7072368421052632,0.5,,,
FisherSVM,ionosphere,outlier,5,0.738095238095238,0.5,,,
FisherSVM,ionosphere,outlier,6,0.76,0.5,,,
FisherSVM,ionosphere,outlier,7,0.8235294117647058,0.5,,,
FisherSVM,ionosphere,outlier,8,0.8823529411764706,0.5,,,
FisherSVM,ionosphere,outlier,9,0.7727272727272727,0.5,,,
FisherSVM,ionosphere,outlier,10,0.875,0.5,,,
FisherSVM,ionosphere,original,1,0.8666666666666667,0.5,,,
FisherSVM,ionosphere,original,2,0.8076923076923077,0.5,,,
FisherSVM,ionosphere,original,3,0.8882575757575758,0.5,,,
FisherSVM,ionosphere,original,4,0.761904761904762,0.5,,,
FisherSVM,ionosphere,original,5,0.8115942028985508,0.5,,,
FisherSVM,ionosphere,original,6,0.7756410256410258,0.5,,,
FisherSVM,ionosphere,original,7,0.84375,0.5,,,
FisherSVM,ionosphere,original,8,0.9642857142857143,0.5,,,
FisherSVM,ionosphere,original,9,0.8636363636363636,0.5,,,
FisherSVM,ionosphere,original,10,0.8882575757575758,0.5,,,
FisherSVM,ionosphere,noise,1,0.71875,0.5,,,
FisherSVM,ionosphere,noise,2,0.6833333333333333,0.5,,,
FisherSVM,ionosphere,noise,3,0.8219696969696969,0.5,,,
FisherSVM,ionosphere,noise,4,0.6785714285714286,0.5,,,
FisherSVM,ionosphere,noise,5,0.7556818181818181,0.5,,,
FisherSVM,ionosphere,noise,6,0.64,0.5,,,
FisherSVM,ionosphere,noise,7,0.8125,0.5,,,
FisherSVM,ionosphere,noise,8,0.9642857142857143,0.5,,,
FisherSVM,ionosphere,noise,9,0.8532608695652174,0.5,,,
FisherSVM,ionosphere,noise,10,0.8333333333333334,0.5,,,
FisherSVM,ionosphere,both,1,0.8,2.0,,,
FisherSVM,ionosphere,both,2,0.7395104895104896,2.0,,,
FisherSVM,ionosphere,both,3,0.75,2.0,,,
FisherSVM,ionosphere,both,4,0.675,2.0,,,
FisherSVM,ionosphere,both,5,0.6710526315789473,2.0,,,
FisherSVM,ionosphere,both,6,0.6699999999999999,2.0,,,
FisherSVM,ionosphere,both,7,0.7666666666666666,2.0,,,
FisherSVM,ionosphere,both,8,0.9666666666666667,2.0,,,
FisherSVM,ionosphere,both,9,0.76,2.0,,,
FisherSVM,ionosphere,both,10,0.7976190476190476,2.0,,,
FisherSVM,diabetes,outlier,1,0.7556360708534622,0.125,,,
FisherSVM,diabetes,outlier,2,0.717948717948718,0.125,,,
FisherSVM,diabetes,outlier,3,0.5982456140350878,0.125,,,
FisherSVM,diabetes,outlier,4,0.7765384615384615,0.125,,,
FisherSVM,diabetes,outlier,5,0.7617702448210922,0.125,,,
FisherSVM,diabetes,outlier,6,0.679787234042553,0.125,,,
FisherSVM,diabetes,outlier,7,0.6950354609929077,0.125,,,
FisherSVM,diabetes,outlier,8,0.6753846153846154,0.125,,,
FisherSVM,diabetes,outlier,9,0.6144781144781144,0.125,,,
FisherSVM,diabetes,outlier,10,0.7796536796536797,0.125,,,
FisherSVM,diabetes,original,1,0.6974074074074075,0.125,,,
FisherSVM,diabetes,original,2,0.7423469387755102,0.125,,,
FisherSVM,diabetes,original,3,0.6676923076923078,0.125,,,
FisherSVM,diabetes,original,4,0.790909090909091,0.125,,,
FisherSVM,diabetes,original,5,0.7321428571428571,0.125,,,
FisherSVM,diabetes,original,6,0.6856060606060607,0.125,,,
FisherSVM,diabetes,original,7,0.8444444444444444,0.125,,,
FisherSVM,diabetes,original,8,0.725877192982456,0.125,,,
FisherSVM,diabetes,original,9,0.7154121863799283,0.125,,,
FisherSVM,diabetes,original,10,0.7237339380196524,0.125,,,
FisherSVM,diabetes,noise,1,0.7865566037735849,0.5,,,
FisherSVM,diabetes,noise,2,0.75,0.5,,,
FisherSVM,diabetes,noise,3,0.6811594202898551,0.5,,,
FisherSVM,diabetes,noise,4,0.777122641509434,0.5,,,
FisherSVM,diabetes,noise,5,0.8090909090909092,0.5,,,
FisherSVM,diabetes,noise,6,0.7193877551020409,0.5,,,
FisherSVM,diabetes,noise,7,0.7215277777777778,0.5,,,
FisherSVM,diabetes,noise,8,0.6620180475799835,0.5,,,
FisherSVM,diabetes,noise,9,0.632996632996633,0.5,,,
FisherSVM,diabetes,noise,10,0.7533333333333334,0.5,,,
FisherSVM,diabetes,both,1,0.6476923076923078,0.125,,,
FisherSVM,diabetes,both,2,0.6598793363499246,0.125,,,
FisherSVM,diabetes,both,3,0.5881578947368421,0.125,,,
FisherSVM,diabetes,both,4,0.7661538461538461,0.125,,,
FisherSVM,diabetes,both,5,0.7021929824561404,0.125,,,
FisherSVM,diabetes,both,6,0.6477272727272727,0.125,,,
FisherSVM,diabetes,both,7,0.6635416666666667,0.125,,,
FisherSVM,diabetes,both,8,0.6538461538461539,0.125,,,
FisherSVM,diabetes,both,9,0.6314102564102564,0.125,,,
FisherSVM,diabetes,both,10,0.7227564102564101,0.125,,,
FisherSVM,cleveland,outlier,1,0.8055555555555556,0.5,,,
FisherSVM,cleveland,outlier,2,0.9054621848739496,0.5,,,
FisherSVM,cleveland,outlier,3,0.7434210526315791,0.5,,,
FisherSVM,cleveland,outlier,4,0.8229665071770336,0.5,,,
FisherSVM,cleveland,outlier,5,0.8,0.5,,,
FisherSVM,cleveland,outlier,6,0.875,0.5,,,
FisherSVM,cleveland,outlier,7,0.8055555555555555,0.5,,,
FisherSVM,cleveland,outlier,8,0.7760180995475114,0.5,,,
FisherSVM,cleveland,outlier,9,0.7142857142857142,0.5,,,
FisherSVM,cleveland,outlier,10,0.7583732057416268,0.5,,,
FisherSVM,cleveland,original,1,0.8846153846153846,0.125,,,
FisherSVM,cleveland,original,2,0.9054621848739496,0.125,,,
FisherSVM,cleveland,original,3,0.7735042735042735,0.125,,,
FisherSVM,cleveland,original,4,0.9027149321266968,0.125,,,
FisherSVM,cleveland,original,5,0.8,0.125,,,
FisherSVM,cleveland,original,6,0.868421052631579,0.125,,,
FisherSVM,cleveland,original,7,0.763888888888889,0.125,,,
FisherSVM,cleveland,original,8,0.8611111111111112,0.125,,,
FisherSVM,cleveland,original,9,0.8194444444444443,0.125,,,
FisherSVM,cleveland,original,10,0.8642533936651584,0.125,,,
FisherSVM,cleveland,noise,1,0.811965811965812,2.0,,,
FisherSVM,cleveland,noise,2,0.7626050420168067,2.0,,,
FisherSVM,cleveland,noise,3,0.6794871794871796,2.0,,,
FisherSVM,cleveland,noise,4,0.7669683257918551,2.0,,,
FisherSVM,cleveland,noise,5,0.8,2.0,,,
FisherSVM,cleveland,noise,6,0.868421052631579,2.0,,,
FisherSVM,cleveland,noise,7,0.6944444444444444,2.0,,,
FisherSVM,cleveland,noise,8,0.8333333333333333,2.0,,,
FisherSVM,cleveland,noise,9,0.8611111111111112,2.0,,,
FisherSVM,cleveland,noise,10,0.7963800904977375,2.0,,,
FisherSVM,cleveland,both,1,0.745798319327731,1.0,,,
FisherSVM,cleveland,both,2,0.8309523809523808,1.0,,,
FisherSVM,cleveland,both,3,0.6383928571428572,1.0,,,
FisherSVM,cleveland,both,4,0.75,1.0,,,
FisherSVM,cleveland,both,5,0.6527777777777778,1.0,,,
FisherSVM,cleveland,both,6,0.6805555555555556,1.0,,,
FisherSVM,cleveland,both,7,0.8492822966507176,1.0,,,
FisherSVM,cleveland,both,8,0.7222222222222223,1.0,,,
FisherSVM,cleveland,both,9,0.7329545454545454,1.0,,,
FisherSVM,cleveland,both,10,0.7083333333333334,1.0,,,
